运输架次编号,通信阶段,开始时刻（s）,结束时刻（s）,保障方式,中继架次编号,直连路径损耗（dB）,直连门限（dB）
Q2-010,leg1-cruise,789.7411003853267,803.9626477115796,中断,,122.14052548497386,122.0
Q2-010,leg1-cruise,803.9626477115796,832.4057423640854,中断,,122.67535774301663,122.0
Q2-015,leg1-cruise,804.403151091313,833.4661504373864,中断,,122.15239955992789,122.0
Q2-010,leg1-cruise,832.4057423640854,860.8488370165912,中断,,123.34099946960137,122.0
Q2-015,leg1-cruise,833.4661504373864,862.52914978346,中断,,122.87144159490425,122.0
Q2-010,leg1-descent,860.8488370165912,877.6561441454975,中断,,123.65347814295185,122.0
Q2-015,leg1-descent,862.52914978346,882.973213097262,中断,,123.20627570162381,122.0
Q2-010,leg1-descent,877.6561441454975,894.4634512744037,中断,,123.64955789162984,122.0
Q2-015,leg1-descent,882.973213097262,903.4172764110641,中断,,123.19976070938588,122.0
Q2-010,S010-handoff,894.4634512744037,924.4634512744037,中断,,123.64784784212937,122.0
Q2-015,leg1-descent,903.4172764110641,923.8613397248662,中断,,123.19433714530092,122.0
Q2-015,S007-handoff,923.8613397248662,953.8613397248662,中断,,123.19203596345481,122.0
Q2-010,S010-handoff,924.4634512744037,954.4634512744037,中断,,123.64784784212937,122.0
Q2-015,S007-handoff,953.8613397248662,983.8613397248662,中断,,123.19203596345481,122.0
Q2-010,S010-handoff,954.4634512744037,984.4634512744037,中断,,123.64784784212937,122.0
Q2-015,S007-handoff,983.8613397248662,1013.8613397248662,中断,,123.19203596345481,122.0
Q2-010,S010-handoff,984.4634512744037,1014.4634512744037,中断,,123.64784784212937,122.0
Q2-015,S007-handoff,1013.8613397248662,1043.8613397248662,中断,,123.19203596345481,122.0
Q2-010,S010-handoff,1014.4634512744037,1044.4634512744037,中断,,123.64784784212937,122.0
Q2-015,S007-handoff,1043.8613397248662,1073.8613397248662,中断,,123.19203596345481,122.0
Q2-010,S010-handoff,1044.4634512744037,1074.4634512744037,中断,,123.64784784212937,122.0
Q2-015,S007-handoff,1073.8613397248662,1103.8613397248662,中断,,123.19203596345481,122.0
Q2-010,S010-handoff,1074.4634512744037,1104.4634512744037,中断,,123.64784784212937,122.0
Q2-015,S007-handoff,1103.8613397248662,1133.8613397248662,中断,,123.19203596345481,122.0
Q2-010,leg2-climb,1104.4634512744037,1132.4756298225807,中断,,123.65143473071883,122.0
Q2-010,leg2-cruise,1132.4756298225807,1160.9187244750865,中断,,123.34099946960137,122.0
Q2-015,leg2-climb,1133.8613397248662,1159.4164188671189,中断,,123.19559047651092,122.0
Q2-015,leg2-climb,1159.4164188671189,1184.9714980093713,中断,,123.20454488721722,122.0
Q2-010,leg2-cruise,1160.9187244750865,1189.3618191275923,中断,,122.67535774301663,122.0
Q2-015,leg2-cruise,1184.9714980093713,1214.0344973554447,中断,,122.87144159490425,122.0
Q2-010,leg2-cruise,1189.3618191275923,1203.5833664538452,中断,,122.14052548497386,122.0
Q2-015,leg2-cruise,1214.0344973554447,1243.0974967015181,中断,,122.15239955992789,122.0
Q2-018,leg1-cruise,1404.973893056981,1434.4789665424523,中断,,122.25667777050728,122.0
Q2-018,leg1-cruise,1434.4789665424523,1463.9840400279236,中断,,122.97986272091684,122.0
Q2-018,leg1-cruise,1463.9840400279236,1493.489113513395,中断,,123.64750258971685,122.0
Q2-019,leg1-cruise,1492.5931509762393,1522.0986115082885,中断,,122.29689617710308,122.0
Q2-018,leg1-cruise,1493.489113513395,1522.9941869988663,中断,,124.2675159290611,122.0
Q2-019,leg1-cruise,1522.0986115082885,1551.6040720403378,中断,,123.01394196797582,122.0
Q2-018,leg1-cruise,1522.9941869988663,1552.4992604843376,中断,,124.84624154928318,122.0
Q2-019,leg1-cruise,1551.6040720403378,1581.109532572387,中断,,123.67674339788614,122.0
Q2-018,leg1-cruise,1552.4992604843376,1582.0043339698088,中断,,125.38883232561858,122.0
Q2-019,leg1-cruise,1581.109532572387,1610.614993104436,中断,,124.29287532664772,122.0
Q2-018,leg1-cruise,1582.0043339698088,1611.5094074552803,中断,,125.89953354407685,122.0
Q2-019,leg1-cruise,1610.614993104436,1640.1204536364853,中断,,124.86843920998992,122.0
Q2-018,leg1-cruise,1611.5094074552803,1641.0144809407516,中断,,126.38188414296081,122.0
Q2-019,leg1-cruise,1640.1204536364853,1669.6259141685346,中断,,125.40841977152944,122.0
Q2-018,leg1-cruise,1641.0144809407516,1670.5195544262228,中断,,126.8388651259221,122.0
Q2-019,leg1-descent,1669.6259141685346,1689.0857652427533,中断,,125.66399196278283,122.0
Q2-018,leg1-cruise,1670.5195544262228,1700.024627911694,中断,,127.27301095293518,122.0
Q2-019,leg1-descent,1689.0857652427533,1708.545616316972,中断,,125.65962995058764,122.0
Q2-018,leg1-descent,1700.024627911694,1717.9154787417722,中断,,127.48168482894788,122.0
Q2-019,S015-handoff,1708.545616316972,1738.545616316972,中断,,125.65765946448572,122.0
Q2-018,leg1-descent,1717.9154787417722,1735.8063295718503,中断,,127.48086616195124,122.0
Q2-018,S002-handoff,1735.8063295718503,1765.8063295718503,中断,,127.4805746284193,122.0
Q2-019,S015-handoff,1738.545616316972,1768.545616316972,中断,,125.65765946448572,122.0
Q2-018,S002-handoff,1765.8063295718503,1795.8063295718503,中断,,127.4805746284193,122.0
Q2-019,S015-handoff,1768.545616316972,1798.545616316972,中断,,125.65765946448572,122.0
Q2-018,S002-handoff,1795.8063295718503,1825.8063295718503,中断,,127.4805746284193,122.0
Q2-019,S015-handoff,1798.545616316972,1828.545616316972,中断,,125.65765946448572,122.0
Q2-018,S002-handoff,1825.8063295718503,1855.8063295718503,中断,,127.4805746284193,122.0
Q2-019,S015-handoff,1828.545616316972,1858.545616316972,中断,,125.65765946448572,122.0
Q2-018,S002-handoff,1855.8063295718503,1885.8063295718503,中断,,127.4805746284193,122.0
Q2-019,S015-handoff,1858.545616316972,1888.545616316972,中断,,125.65765946448572,122.0
Q2-018,S002-handoff,1885.8063295718503,1915.8063295718503,中断,,127.4805746284193,122.0
Q2-019,S015-handoff,1888.545616316972,1918.545616316972,中断,,125.65765946448572,122.0
Q2-018,S002-handoff,1915.8063295718503,1945.8063295718503,中断,,127.4805746284193,122.0
Q2-019,leg2-climb,1918.545616316972,1934.762158878821,中断,,125.65962995058764,122.0
Q2-019,leg2-climb,1934.762158878821,1950.97870144067,中断,,125.66399196278283,122.0
Q2-018,leg2-climb,1945.8063295718503,1975.6244142886471,中断,,127.48123623548668,122.0
Q2-019,leg2-cruise,1950.97870144067,1980.4841619727192,中断,,125.40841977152944,122.0
Q2-018,leg2-cruise,1975.6244142886471,2005.1294877741184,中断,,127.27301095293518,122.0
Q2-019,leg2-cruise,1980.4841619727192,2009.9896225047685,中断,,124.86843920998992,122.0
Q2-018,leg2-cruise,2005.1294877741184,2034.6345612595896,中断,,126.8388651259221,122.0
Q2-019,leg2-cruise,2009.9896225047685,2039.4950830368175,中断,,124.29287532664772,122.0
Q2-018,leg2-cruise,2034.6345612595896,2064.139634745061,中断,,126.38188414296081,122.0
Q2-019,leg2-cruise,2039.4950830368175,2069.0005435688668,中断,,123.67674339788614,122.0
Q2-018,leg2-cruise,2064.139634745061,2093.644708230532,中断,,125.89953354407685,122.0
Q2-019,leg2-cruise,2069.0005435688668,2098.506004100916,中断,,123.01394196797582,122.0
Q2-018,leg2-cruise,2093.644708230532,2123.1497817160034,中断,,125.38883232561858,122.0
Q2-019,leg2-cruise,2098.506004100916,2128.0114646329653,中断,,122.29689617710308,122.0
Q2-018,leg2-cruise,2123.1497817160034,2152.654855201475,中断,,124.84624154928318,122.0
Q2-018,leg2-cruise,2152.654855201475,2182.1599286869464,中断,,124.2675159290611,122.0
Q2-018,leg2-cruise,2182.1599286869464,2211.6650021724176,中断,,123.64750258971685,122.0
Q2-018,leg2-cruise,2211.6650021724176,2241.170075657889,中断,,122.97986272091684,122.0
Q2-018,leg2-cruise,2241.170075657889,2270.67514914336,中断,,122.25667777050728,122.0
Q2-016,leg1-cruise,2390.1711245125953,2421.467771120079,中断,,122.02289057552264,122.0
Q2-016,leg1-cruise,2421.467771120079,2450.923438515357,中断,,123.38965350414121,122.0
Q2-016,leg1-cruise,2450.923438515357,2480.379105910635,中断,,124.17875342793518,122.0
Q2-016,leg1-descent,2480.379105910635,2502.280920689281,中断,,124.54684939939493,122.0
Q2-022,leg1-cruise,2492.694086912079,2506.7850168453324,中断,,122.09191805131226,122.0
Q2-016,leg1-descent,2502.280920689281,2524.1827354679267,中断,,124.54502471189024,122.0
Q2-022,leg1-cruise,2506.7850168453324,2534.96687671184,中断,,122.62312091325336,122.0
Q2-016,leg1-descent,2524.1827354679267,2546.0845502465727,中断,,124.54379205636253,122.0
Q2-022,leg1-cruise,2534.96687671184,2563.1487365783473,中断,,123.28482944164,122.0
Q2-016,S005-handoff,2546.0845502465727,2575.539095701118,中断,,124.54339790767136,122.0
Q2-022,leg1-cruise,2563.1487365783473,2591.3305964448546,中断,,123.90009232488552,122.0
Q2-016,S005-handoff,2575.539095701118,2604.9936411556637,中断,,124.54339790767136,122.0
Q2-022,leg1-cruise,2591.3305964448546,2619.512456311362,中断,,124.47495581222768,122.0
Q2-016,S005-handoff,2604.9936411556637,2634.448186610209,中断,,124.54339790767136,122.0
Q2-022,leg1-descent,2619.512456311362,2643.607195080893,中断,,124.74500801352508,122.0
Q2-016,S005-handoff,2634.448186610209,2663.9027320647547,中断,,124.54339790767136,122.0
Q2-022,leg1-descent,2643.607195080893,2667.701933850424,中断,,124.73818018332537,122.0
Q2-016,S005-handoff,2663.9027320647547,2693.3572775193,中断,,124.54339790767136,122.0
Q2-022,leg1-descent,2667.701933850424,2691.7966726199556,中断,,124.73241503097312,122.0
Q2-022,leg1-descent,2691.7966726199556,2715.8914113894866,中断,,124.72771680659866,122.0
Q2-016,S005-handoff,2693.3572775193,2722.811822973845,中断,,124.54339790767136,122.0
Q2-022,S014-handoff,2715.8914113894866,2745.8914113894866,中断,,124.72576890840894,122.0
Q2-016,S005-handoff,2722.811822973845,2752.2663684283907,中断,,124.54339790767136,122.0
Q2-022,S014-handoff,2745.8914113894866,2775.8914113894866,中断,,124.72576890840894,122.0
Q2-016,S005-handoff,2752.2663684283907,2781.720913882936,中断,,124.54339790767136,122.0
Q2-022,S014-handoff,2775.8914113894866,2805.8914113894866,中断,,124.72576890840894,122.0
Q2-016,S005-handoff,2781.720913882936,2811.1754593374817,中断,,124.54339790767136,122.0
Q2-022,S014-handoff,2805.8914113894866,2835.8914113894866,中断,,124.72576890840894,122.0
Q2-016,S005-handoff,2811.1754593374817,2840.630004792027,中断,,124.54339790767136,122.0
Q2-022,S014-handoff,2835.8914113894866,2865.8914113894866,中断,,124.72576890840894,122.0
Q2-016,S005-handoff,2840.630004792027,2870.0845502465727,中断,,124.54339790767136,122.0
Q2-022,S014-handoff,2865.8914113894866,2895.8914113894866,中断,,124.72576890840894,122.0
Q2-016,leg2-climb,2870.0845502465727,2896.366727980948,中断,,124.5440446855257,122.0
Q2-022,S014-handoff,2895.8914113894866,2925.8914113894866,中断,,124.72576890840894,122.0
Q2-016,leg2-climb,2896.366727980948,2922.6489057153226,中断,,124.5463377611981,122.0
Q2-016,leg2-cruise,2922.6489057153226,2952.104573110601,中断,,124.17875342793518,122.0
Q2-022,leg2-climb,2925.8914113894866,2952.6633433556326,中断,,124.72842559469186,122.0
Q2-016,leg2-cruise,2952.104573110601,2981.560240505879,中断,,123.38965350414121,122.0
Q2-022,leg2-climb,2952.6633433556326,2979.435275321778,中断,,124.73516448869171,122.0
Q2-022,leg2-climb,2979.435275321778,3006.207207287924,中断,,124.74379644824026,122.0
Q2-016,leg2-cruise,2981.560240505879,3011.0159079011573,中断,,122.52176572620604,122.0
Q2-008,leg1-cruise,2990.168915415049,2992.005546854409,中断,,122.01116462408243,122.0
Q2-008,leg1-cruise,2992.005546854409,3021.3916498841654,中断,,122.50906953113093,122.0
Q2-022,leg2-cruise,3006.207207287924,3034.3890671544314,中断,,124.47495581222768,122.0
Q2-016,leg2-cruise,3011.0159079011573,3012.856887113362,中断,,122.02289057552264,122.0
Q2-009,leg1-cruise,3016.392315907783,3047.6150503768995,中断,,122.01116462408243,122.0
Q2-008,leg1-cruise,3021.3916498841654,3050.777752913922,中断,,123.37550307246809,122.0
Q2-022,leg2-cruise,3034.3890671544314,3062.5709270209386,中断,,123.90009232488552,122.0
Q2-024,leg1-cruise,3043.010333745727,3072.3692605762326,中断,,122.2255830336592,122.0
Q2-009,leg1-cruise,3047.6150503768995,3077.001153406656,中断,,123.37550307246809,122.0
Q2-008,leg1-descent,3050.777752913922,3069.7704824061097,中断,,123.77631418571382,122.0
Q2-022,leg2-cruise,3062.5709270209386,3090.752786887446,中断,,123.28482944164,122.0
Q2-008,S013-handoff,3069.7704824061097,3099.7704824061097,中断,,123.77442449618124,122.0
Q2-024,leg1-cruise,3072.3692605762326,3101.728187406738,中断,,122.94693451133281,122.0
Q2-009,leg1-descent,3077.001153406656,3095.993882898844,中断,,123.77631418571382,122.0
Q2-022,leg2-cruise,3090.752786887446,3118.9346467539535,中断,,122.62312091325336,122.0
Q2-009,S013-handoff,3095.993882898844,3125.993882898844,中断,,123.77442449618124,122.0
Q2-008,S013-handoff,3099.7704824061097,3129.7704824061097,中断,,123.77442449618124,122.0
Q2-024,leg1-cruise,3101.728187406738,3131.0871142372434,中断,,123.61312695681455,122.0
Q2-022,leg2-cruise,3118.9346467539535,3133.025576687207,中断,,122.09191805131226,122.0
Q2-009,S013-handoff,3125.993882898844,3155.993882898844,中断,,123.77442449618124,122.0
Q2-008,S013-handoff,3129.7704824061097,3159.7704824061097,中断,,123.77442449618124,122.0
Q2-024,leg1-cruise,3131.0871142372434,3160.446041067749,中断,,124.23197653808352,122.0
Q2-009,S013-handoff,3155.993882898844,3185.993882898844,中断,,123.77442449618124,122.0
Q2-008,S013-handoff,3159.7704824061097,3189.7704824061097,中断,,123.77442449618124,122.0
Q2-024,leg1-cruise,3160.446041067749,3189.8049678982543,中断,,124.80975148637447,122.0
Q2-009,S013-handoff,3185.993882898844,3215.993882898844,中断,,123.77442449618124,122.0
Q2-008,S013-handoff,3189.7704824061097,3219.7704824061097,中断,,123.77442449618124,122.0
Q2-024,leg1-cruise,3189.8049678982543,3219.1638947287597,中断,,125.35155474840843,122.0
Q2-009,S013-handoff,3215.993882898844,3245.993882898844,中断,,123.77442449618124,122.0
Q2-024,leg1-cruise,3219.1638947287597,3248.522821559265,中断,,125.86159548699494,122.0
Q2-008,S013-handoff,3219.7704824061097,3249.7704824061097,中断,,123.77442449618124,122.0
Q2-009,S013-handoff,3245.993882898844,3275.993882898844,中断,,123.77442449618124,122.0
Q2-024,leg1-cruise,3248.522821559265,3277.8817483897706,中断,,126.34338598447562,122.0
Q2-008,S013-handoff,3249.7704824061097,3279.7704824061097,中断,,123.77442449618124,122.0
Q2-009,leg2-climb,3275.993882898844,3291.821157475667,中断,,123.77631418571382,122.0
Q2-024,leg1-cruise,3277.8817483897706,3307.240675220276,中断,,126.79988722812429,122.0
Q2-008,leg2-climb,3279.7704824061097,3295.597756982933,中断,,123.77631418571382,122.0
Q2-009,leg2-cruise,3291.821157475667,3321.2072605054236,中断,,123.37550307246809,122.0
Q2-008,leg2-cruise,3295.597756982933,3324.9838600126895,中断,,123.37550307246809,122.0
Q2-024,leg1-cruise,3307.240675220276,3336.5996020507814,中断,,127.23361841161518,122.0
Q2-009,leg2-cruise,3321.2072605054236,3350.59336353518,中断,,122.50906953113093,122.0
Q2-008,leg2-cruise,3324.9838600126895,3354.3699630424458,中断,,122.50906953113093,122.0
Q2-024,leg1-descent,3336.5996020507814,3363.2998010253905,中断,,127.44131589104262,122.0
Q2-009,leg2-cruise,3350.59336353518,3352.42999497454,中断,,122.01116462408243,122.0
Q2-008,leg2-cruise,3354.3699630424458,3356.206594481806,中断,,122.01116462408243,122.0
Q2-024,leg1-descent,3363.2998010253905,3390.0,中断,,127.43921118416316,122.0
Q2-024,S012-handoff,3390.0,3420.0,中断,,127.43842351040759,122.0
Q2-024,S012-handoff,3420.0,3450.0,中断,,127.43842351040759,122.0
Q2-024,S012-handoff,3450.0,3480.0,中断,,127.43842351040759,122.0
Q2-024,S012-handoff,3480.0,3510.0,中断,,127.43842351040759,122.0
Q2-024,S012-handoff,3510.0,3540.0,中断,,127.43842351040759,122.0
Q2-024,S012-handoff,3540.0,3570.0,中断,,127.43842351040759,122.0
Q2-024,S012-handoff,3570.0,3600.0,中断,,127.43842351040759,122.0
Q2-024,leg2-climb,3600.0,3622.2501658121746,中断,,127.43921118416316,122.0
Q2-024,leg2-climb,3622.2501658121746,3644.5003316243487,中断,,127.44131589104262,122.0
Q2-024,leg2-cruise,3644.5003316243487,3673.859258454854,中断,,127.23361841161518,122.0
Q2-017,leg1-cruise,3650.7376516722097,3691.9542689266414,中断,,122.1694151469648,122.0
Q2-024,leg2-cruise,3673.859258454854,3703.2181852853596,中断,,126.79988722812429,122.0
Q2-017,leg1-descent,3691.9542689266414,3717.509348068894,中断,,123.20627570162381,122.0
Q2-024,leg2-cruise,3703.2181852853596,3732.577112115865,中断,,126.34338598447562,122.0
Q2-017,leg1-descent,3717.509348068894,3743.0644272111467,中断,,123.19976070938588,122.0
Q2-024,leg2-cruise,3732.577112115865,3761.9360389463704,中断,,125.86159548699494,122.0
Q2-017,leg1-descent,3743.0644272111467,3768.619506353399,中断,,123.19433714530092,122.0
Q2-024,leg2-cruise,3761.9360389463704,3791.294965776876,中断,,125.35155474840843,122.0
Q2-017,S007-handoff,3768.619506353399,3797.4195063533994,中断,,123.19203596345481,122.0
Q2-024,leg2-cruise,3791.294965776876,3820.6538926073813,中断,,124.80975148637447,122.0
Q2-017,S007-handoff,3797.4195063533994,3826.219506353399,中断,,123.19203596345481,122.0
Q2-024,leg2-cruise,3820.6538926073813,3850.0128194378867,中断,,124.23197653808352,122.0
Q2-017,S007-handoff,3826.219506353399,3855.0195063533993,中断,,123.19203596345481,122.0
Q2-024,leg2-cruise,3850.0128194378867,3879.371746268392,中断,,123.61312695681455,122.0
Q2-017,S007-handoff,3855.0195063533993,3883.819506353399,中断,,123.19203596345481,122.0
Q2-024,leg2-cruise,3879.371746268392,3908.7306730988976,中断,,122.94693451133281,122.0
Q2-017,S007-handoff,3883.819506353399,3912.619506353399,中断,,123.19203596345481,122.0
Q2-024,leg2-cruise,3908.7306730988976,3938.089599929403,中断,,122.2255830336592,122.0
Q2-017,S007-handoff,3912.619506353399,3941.4195063533994,中断,,123.19203596345481,122.0
Q2-017,S007-handoff,3941.4195063533994,3970.219506353399,中断,,123.19203596345481,122.0
Q2-017,S007-handoff,3970.219506353399,3999.0195063533993,中断,,123.19203596345481,122.0
Q2-017,S007-handoff,3999.0195063533993,4027.819506353399,中断,,123.19203596345481,122.0
Q2-017,S007-handoff,4027.819506353399,4056.619506353399,中断,,123.19203596345481,122.0
Q2-017,leg2-climb,4056.619506353399,4077.063569667201,中断,,123.19433714530092,122.0
Q2-017,leg2-climb,4077.063569667201,4097.507632981004,中断,,123.19976070938588,122.0
Q2-017,leg2-climb,4097.507632981004,4117.9516962948055,中断,,123.20627570162381,122.0
Q2-017,leg2-cruise,4117.9516962948055,4145.429441131093,中断,,122.80846275984176,122.0
Q2-017,leg2-cruise,4145.429441131093,4159.168313549237,中断,,122.1694151469648,122.0
Q2-021,leg1-cruise,4190.395655219653,4219.55361019353,中断,,122.4323273077502,122.0
Q2-021,leg1-cruise,4219.55361019353,4248.7115651674085,中断,,123.30043920099841,122.0
Q2-021,leg1-cruise,4248.7115651674085,4277.869520141286,中断,,124.08970328136033,122.0
Q2-021,leg1-cruise,4277.869520141286,4307.027475115163,中断,,124.81324472148223,122.0
Q2-021,leg1-cruise,4307.027475115163,4336.185430089041,中断,,125.48116424033829,122.0
Q2-021,leg1-cruise,4336.185430089041,4365.343385062918,中断,,126.10140080646852,122.0
Q2-021,leg1-cruise,4365.343385062918,4394.501340036796,中断,,126.68030729152014,122.0
Q2-021,leg1-cruise,4394.501340036796,4423.659295010673,中断,,127.22304651057287,122.0
Q2-011,leg1-cruise,4416.948708628739,4445.9089504567455,中断,,122.38770093758527,122.0
Q2-021,leg1-descent,4423.659295010673,4446.022858548271,中断,,127.48168482894788,122.0
Q2-011,leg1-cruise,4445.9089504567455,4474.869192284751,中断,,123.25316677103625,122.0
Q2-021,leg1-descent,4446.022858548271,4468.386422085869,中断,,127.48086616195124,122.0
Q2-021,S002-handoff,4468.386422085869,4496.672136371583,中断,,127.4805746284193,122.0
Q2-011,leg1-descent,4474.869192284751,4508.483806542564,中断,,123.65347814295185,122.0
Q2-021,S002-handoff,4496.672136371583,4524.957850657297,中断,,127.4805746284193,122.0
Q2-011,S010-handoff,4508.483806542564,4538.483806542564,中断,,123.64784784212937,122.0
Q2-021,S002-handoff,4524.957850657297,4553.243564943012,中断,,127.4805746284193,122.0
Q2-011,S010-handoff,4538.483806542564,4568.483806542564,中断,,123.64784784212937,122.0
Q2-021,S002-handoff,4553.243564943012,4581.5292792287255,中断,,127.4805746284193,122.0
Q2-011,S010-handoff,4568.483806542564,4598.483806542564,中断,,123.64784784212937,122.0
Q2-021,S002-handoff,4581.5292792287255,4609.81499351444,中断,,127.4805746284193,122.0
Q2-011,S010-handoff,4598.483806542564,4628.483806542564,中断,,123.64784784212937,122.0
Q2-021,S002-handoff,4609.81499351444,4638.100707800154,中断,,127.4805746284193,122.0
Q2-011,S010-handoff,4628.483806542564,4658.483806542564,中断,,123.64784784212937,122.0
Q2-021,S002-handoff,4638.100707800154,4666.386422085869,中断,,127.4805746284193,122.0
Q2-011,S010-handoff,4658.483806542564,4688.483806542564,中断,,123.64784784212937,122.0
Q2-021,S002-handoff,4666.386422085869,4694.672136371583,中断,,127.4805746284193,122.0
Q2-011,leg2-climb,4688.483806542564,4716.495985090741,中断,,123.65143473071883,122.0
Q2-021,S002-handoff,4694.672136371583,4722.957850657297,中断,,127.4805746284193,122.0
Q2-011,leg2-cruise,4716.495985090741,4745.456226918746,中断,,123.25316677103625,122.0
Q2-021,S002-handoff,4722.957850657297,4751.243564943012,中断,,127.4805746284193,122.0
Q2-011,leg2-cruise,4745.456226918746,4774.416468746753,中断,,122.38770093758527,122.0
Q2-021,S002-handoff,4751.243564943012,4779.5292792287255,中断,,127.4805746284193,122.0
Q2-021,S002-handoff,4779.5292792287255,4807.81499351444,中断,,127.4805746284193,122.0
Q2-021,S002-handoff,4807.81499351444,4836.100707800154,中断,,127.4805746284193,122.0
Q2-021,S002-handoff,4836.100707800154,4864.386422085869,中断,,127.4805746284193,122.0
Q2-021,leg2-climb,4864.386422085869,4882.277272915947,中断,,127.48086616195124,122.0
Q2-021,leg2-climb,4882.277272915947,4900.168123746025,中断,,127.48168482894788,122.0
Q2-021,leg2-cruise,4900.168123746025,4929.326078719902,中断,,127.22304651057287,122.0
Q2-021,leg2-cruise,4929.326078719902,4958.4840336937805,中断,,126.68030729152014,122.0
Q2-021,leg2-cruise,4958.4840336937805,4987.641988667658,中断,,126.10140080646852,122.0
Q2-021,leg2-cruise,4987.641988667658,5016.799943641535,中断,,125.48116424033829,122.0
Q2-021,leg2-cruise,5016.799943641535,5045.957898615413,中断,,124.81324472148223,122.0
Q2-026,leg1-cruise,5026.922428276879,5041.613502887256,中断,,123.12066363248756,122.0
Q2-026,leg1-cruise,5041.613502887256,5070.995652108009,中断,,123.61595680705992,122.0
Q2-021,leg2-cruise,5045.957898615413,5075.11585358929,中断,,124.08970328136033,122.0
Q2-027,leg1-cruise,5058.827995629771,5060.661722533536,中断,,125.06098241323429,122.0
Q2-027,leg1-cruise,5060.661722533536,5090.00135299377,中断,,125.34469699679346,122.0
Q2-026,leg1-cruise,5070.995652108009,5100.377801328763,中断,,124.2353442741475,122.0
Q2-021,leg2-cruise,5075.11585358929,5104.273808563167,中断,,123.30043920099841,122.0
Q2-027,leg1-cruise,5090.00135299377,5119.3409834540025,中断,,125.85488290478352,122.0
Q2-026,leg1-cruise,5100.377801328763,5129.759950549516,中断,,124.81356260529289,122.0
Q2-021,leg2-cruise,5104.273808563167,5133.431763537045,中断,,122.4323273077502,122.0
Q2-027,leg1-cruise,5119.3409834540025,5148.680613914236,中断,,126.33680138486181,122.0
Q2-026,leg1-cruise,5129.759950549516,5159.14209977027,中断,,125.35573687574045,122.0
Q2-027,leg1-cruise,5148.680613914236,5178.020244374469,中断,,126.79341684928812,122.0
Q2-026,leg1-cruise,5159.14209977027,5188.524248991023,中断,,125.86609226275966,122.0
Q2-027,leg1-cruise,5178.020244374469,5207.359874834703,中断,,127.22725110461403,122.0
Q2-026,leg1-cruise,5188.524248991023,5217.906398211777,中断,,126.34815286880144,122.0
Q2-027,leg1-cruise,5207.359874834703,5236.699505294936,中断,,127.64046720278259,122.0
Q2-026,leg1-cruise,5217.906398211777,5247.288547432529,中断,,126.80488855877894,122.0
Q2-027,leg1-descent,5236.699505294936,5259.358060796238,中断,,127.8389692112617,122.0
Q2-026,leg1-cruise,5247.288547432529,5276.670696653283,中断,,127.23882529837773,122.0
Q2-027,leg1-descent,5259.358060796238,5282.01661629754,中断,,127.83738010410832,122.0
Q2-026,leg1-cruise,5276.670696653283,5306.052845874036,中断,,127.6521293565382,122.0
Q2-027,leg1-descent,5282.01661629754,5304.675171798842,中断,,127.8362549080733,122.0
Q2-027,S004-handoff,5304.675171798842,5334.675171798842,中断,,127.83586639527485,122.0
Q2-026,leg1-cruise,5306.052845874036,5335.43499509479,中断,,128.046672459949,122.0
Q2-027,S004-handoff,5334.675171798842,5364.675171798842,中断,,127.83586639527485,122.0
Q2-026,leg1-descent,5335.43499509479,5355.8368615498675,中断,,128.23671069470163,122.0
Q2-026,leg1-descent,5355.8368615498675,5376.238728004946,中断,,128.23553770537117,122.0
Q2-027,S004-handoff,5364.675171798842,5394.675171798842,中断,,127.83586639527485,122.0
Q2-026,S008-handoff,5376.238728004946,5406.238728004946,中断,,128.23507991277862,122.0
Q2-027,S004-handoff,5394.675171798842,5424.675171798842,中断,,127.83586639527485,122.0
Q2-026,S008-handoff,5406.238728004946,5436.238728004946,中断,,128.23507991277862,122.0
Q2-027,S004-handoff,5424.675171798842,5454.675171798842,中断,,127.83586639527485,122.0
Q2-026,S008-handoff,5436.238728004946,5466.238728004946,中断,,128.23507991277862,122.0
Q2-027,S004-handoff,5454.675171798842,5484.675171798842,中断,,127.83586639527485,122.0
Q2-026,S008-handoff,5466.238728004946,5496.238728004946,中断,,128.23507991277862,122.0
Q2-027,S004-handoff,5484.675171798842,5514.675171798842,中断,,127.83586639527485,122.0
Q2-026,S008-handoff,5496.238728004946,5526.238728004946,中断,,128.23507991277862,122.0
Q2-027,leg2-climb,5514.675171798842,5542.9983661754695,中断,,127.83649269314496,122.0
Q2-026,S008-handoff,5526.238728004946,5556.238728004946,中断,,128.23507991277862,122.0
Q2-027,leg2-climb,5542.9983661754695,5571.321560552097,中断,,127.83852846811895,122.0
Q2-026,S008-handoff,5556.238728004946,5586.238728004946,中断,,128.23507991277862,122.0
Q2-027,leg2-cruise,5571.321560552097,5600.66119101233,中断,,127.64046720278259,122.0
Q2-026,leg2-climb,5586.238728004946,5603.240283384178,中断,,128.23553770537117,122.0
Q2-027,leg2-cruise,5600.66119101233,5630.000821472564,中断,,127.22725110461403,122.0
Q2-026,leg2-climb,5603.240283384178,5620.24183876341,中断,,128.23671069470163,122.0
Q2-026,leg2-cruise,5620.24183876341,5649.623987984163,中断,,128.046672459949,122.0
Q2-027,leg2-cruise,5630.000821472564,5659.340451932797,中断,,126.79341684928812,122.0
Q2-026,leg2-cruise,5649.623987984163,5679.006137204917,中断,,127.6521293565382,122.0
Q2-027,leg2-cruise,5659.340451932797,5688.680082393031,中断,,126.33680138486181,122.0
Q2-026,leg2-cruise,5679.006137204917,5708.38828642567,中断,,127.23882529837773,122.0
Q2-027,leg2-cruise,5688.680082393031,5718.019712853264,中断,,125.85488290478352,122.0
Q2-026,leg2-cruise,5708.38828642567,5737.770435646423,中断,,126.80488855877853,122.0
Q2-027,leg2-cruise,5718.019712853264,5747.359343313497,中断,,125.34469699679346,122.0
Q2-026,leg2-cruise,5737.770435646423,5767.152584867176,中断,,126.34815286880144,122.0
Q2-027,leg2-cruise,5747.359343313497,5749.193070217262,中断,,125.06098241323429,122.0
Q2-026,leg2-cruise,5767.152584867176,5796.53473408793,中断,,125.86609226275966,122.0
Q2-026,leg2-cruise,5796.53473408793,5825.916883308683,中断,,125.35573687574045,122.0
Q2-013,leg1-cruise,5806.616177813656,5836.880352970079,中断,,122.0030619935705,122.0
Q2-026,leg2-cruise,5825.916883308683,5855.299032529437,中断,,124.81356260529289,122.0
Q2-013,leg1-cruise,5836.880352970079,5866.227431909641,中断,,123.35548691886723,122.0
Q2-026,leg2-cruise,5855.299032529437,5884.68118175019,中断,,124.2353442741475,122.0
Q2-013,leg1-cruise,5866.227431909641,5895.574510849204,中断,,124.14492212152439,122.0
Q2-026,leg2-cruise,5884.68118175019,5914.063330970944,中断,,123.61595680705992,122.0
Q2-013,leg1-cruise,5895.574510849204,5924.921589788766,中断,,124.86859461494507,122.0
Q2-012,leg1-cruise,5905.82053815948,5936.084713315903,中断,,122.0030619935705,122.0
Q2-026,leg2-cruise,5914.063330970944,5928.7544055813205,中断,,123.12066363248756,122.0
Q2-013,leg1-descent,5924.921589788766,5950.213154730172,中断,,125.20793517560105,122.0
Q2-012,leg1-cruise,5936.084713315903,5965.431792255466,中断,,123.35548691886723,122.0
Q2-013,S009-handoff,5950.213154730172,5980.213154730172,中断,,125.20711279830486,122.0
Q2-012,leg1-cruise,5965.431792255466,5994.778871195028,中断,,124.14492212152439,122.0
Q2-013,S009-handoff,5980.213154730172,6010.213154730172,中断,,125.20711279830486,122.0
Q2-012,leg1-cruise,5994.778871195028,6024.12595013459,中断,,124.86859461494507,122.0
Q2-013,S009-handoff,6010.213154730172,6040.213154730172,中断,,125.20711279830486,122.0
Q2-012,leg1-descent,6024.12595013459,6049.417515075997,中断,,125.20793517560105,122.0
Q2-013,S009-handoff,6040.213154730172,6070.213154730172,中断,,125.20711279830486,122.0
Q2-012,S009-handoff,6049.417515075997,6079.417515075997,中断,,125.20711279830486,122.0
Q2-013,S009-handoff,6070.213154730172,6100.213154730172,中断,,125.20711279830486,122.0
Q2-012,S009-handoff,6079.417515075997,6109.417515075997,中断,,125.20711279830486,122.0
Q2-013,S009-handoff,6100.213154730172,6130.213154730172,中断,,125.20711279830486,122.0
Q2-012,S009-handoff,6109.417515075997,6139.417515075997,中断,,125.20711279830486,122.0
Q2-013,leg2-climb,6130.213154730172,6151.289458848011,中断,,125.20793517560105,122.0
Q2-012,S009-handoff,6139.417515075997,6169.417515075997,中断,,125.20711279830486,122.0
Q2-013,leg2-cruise,6151.289458848011,6180.636537787574,中断,,124.86859461494507,122.0
Q2-012,S009-handoff,6169.417515075997,6199.417515075997,中断,,125.20711279830486,122.0
Q2-013,leg2-cruise,6180.636537787574,6209.983616727136,中断,,124.14492212152439,122.0
Q2-012,S009-handoff,6199.417515075997,6229.417515075997,中断,,125.20711279830486,122.0
Q2-013,leg2-cruise,6209.983616727136,6239.330695666698,中断,,123.35548691886723,122.0
Q2-012,S009-handoff,6229.417515075997,6259.417515075997,中断,,125.20711279830486,122.0
Q2-013,leg2-cruise,6239.330695666698,6268.677774606261,中断,,122.48714613788418,122.0
Q2-012,leg2-climb,6259.417515075997,6280.493819193835,中断,,125.20793517560105,122.0
Q2-030,leg1-cruise,6264.469011029505,6293.282802975396,中断,,122.09101345865356,122.0
Q2-013,leg2-cruise,6268.677774606261,6269.594870823123,中断,,122.0030619935705,122.0
Q2-012,leg2-cruise,6280.493819193835,6309.840898133398,中断,,124.86859461494507,122.0
Q2-030,leg1-cruise,6293.282802975396,6322.096594921288,中断,,122.8080574046474,122.0
Q2-012,leg2-cruise,6309.840898133398,6339.18797707296,中断,,124.14492212152439,122.0
Q2-030,leg1-cruise,6322.096594921288,6350.910386867179,中断,,123.47085653419727,122.0
Q2-012,leg2-cruise,6339.18797707296,6368.535056012523,中断,,123.35548691886723,122.0
Q2-028,leg1-cruise,6339.898778600284,6368.353070477224,中断,,123.09379845713566,122.0
Q2-030,leg1-cruise,6350.910386867179,6379.7241788130705,中断,,124.08698582729656,122.0
Q2-028,leg1-cruise,6368.353070477224,6396.807362354164,中断,,123.88214281474077,122.0
Q2-012,leg2-cruise,6368.535056012523,6397.882134952085,中断,,122.48714613788418,122.0
Q2-030,leg1-cruise,6379.7241788130705,6408.537970758963,中断,,124.6625468228174,122.0
Q2-028,leg1-cruise,6396.807362354164,6425.261654231104,中断,,124.60497838324589,122.0
Q2-012,leg2-cruise,6397.882134952085,6398.799231168947,中断,,122.0030619935705,122.0
Q2-030,leg1-cruise,6408.537970758963,6437.351762704854,中断,,125.20252430336038,122.0
Q2-028,leg1-cruise,6425.261654231104,6453.715946108045,中断,,125.27234505926336,122.0
Q2-030,leg1-cruise,6437.351762704854,6466.165554650745,中断,,125.71104179592713,122.0
Q2-028,leg1-cruise,6453.715946108045,6482.170237984985,中断,,125.89214116365028,122.0
Q2-030,leg1-cruise,6466.165554650745,6494.979346596638,中断,,126.19154830252296,122.0
Q2-028,leg1-cruise,6482.170237984985,6510.624529861925,中断,,126.47069156874254,122.0
Q2-030,leg1-cruise,6494.979346596638,6523.793138542529,中断,,126.64695723683246,122.0
Q2-028,leg1-cruise,6510.624529861925,6539.0788217388645,中断,,127.01313929472546,122.0
Q2-030,leg1-cruise,6523.793138542529,6552.60693048842,中断,,127.07975147287738,122.0
Q2-028,leg1-cruise,6539.0788217388645,6567.533113615805,中断,,127.5237225003748,122.0
Q2-030,leg1-descent,6552.60693048842,6582.380815579566,中断,,127.28592873030037,122.0
Q2-028,leg1-cruise,6567.533113615805,6595.987405492745,中断,,128.00597486643272,122.0
Q2-030,leg1-descent,6582.380815579566,6612.154700670712,中断,,127.28177265241285,122.0
Q2-028,leg1-descent,6595.987405492745,6621.489738561593,中断,,128.23671069470163,122.0
Q2-030,leg1-descent,6612.154700670712,6641.928585761858,中断,,127.27852456433072,122.0
Q2-028,leg1-descent,6621.489738561593,6646.9920716304405,中断,,128.23553770537117,122.0
Q2-030,S003-handoff,6641.928585761858,6671.928585761858,中断,,127.27724167653642,122.0
Q2-028,S008-handoff,6646.9920716304405,6675.792071630441,中断,,128.23507991277862,122.0
Q2-030,S003-handoff,6671.928585761858,6701.928585761858,中断,,127.27724167653642,122.0
Q2-028,S008-handoff,6675.792071630441,6704.592071630441,中断,,128.23507991277862,122.0
Q2-030,S003-handoff,6701.928585761858,6731.928585761858,中断,,127.27724167653642,122.0
Q2-028,S008-handoff,6704.592071630441,6733.39207163044,中断,,128.23507991277862,122.0
Q2-030,S003-handoff,6731.928585761858,6761.928585761858,中断,,127.27724167653642,122.0
Q2-028,S008-handoff,6733.39207163044,6762.19207163044,中断,,128.23507991277862,122.0
Q2-030,S003-handoff,6761.928585761858,6791.928585761858,中断,,127.27724167653642,122.0
Q2-028,S008-handoff,6762.19207163044,6819.792071630441,中断,,128.23507991277862,122.0
Q2-030,S003-handoff,6791.928585761858,6821.928585761858,中断,,127.27724167653642,122.0
Q2-028,S008-handoff,6819.792071630441,6848.592071630441,中断,,128.23507991277862,122.0
Q2-030,S003-handoff,6821.928585761858,6851.928585761858,中断,,127.27724167653642,122.0
Q2-028,S008-handoff,6848.592071630441,6877.39207163044,中断,,128.23507991277862,122.0
Q2-030,leg2-climb,6851.928585761858,6901.551727580434,中断,,127.27852456433072,122.0
Q2-028,S008-handoff,6877.39207163044,6906.19207163044,中断,,128.23507991277862,122.0
Q2-030,leg2-climb,6901.551727580434,6926.363298489722,中断,,127.28592873030037,122.0
Q2-028,S008-handoff,6906.19207163044,6934.9920716304405,中断,,128.23507991277862,122.0
Q2-030,leg2-cruise,6926.363298489722,6955.1770904356135,中断,,127.07975147287738,122.0
Q2-028,leg2-climb,6934.9920716304405,6955.393938085519,中断,,128.23553770537117,122.0
Q2-030,leg2-cruise,6955.1770904356135,6983.990882381505,中断,,126.64695723683246,122.0
Q2-028,leg2-climb,6955.393938085519,6975.795804540597,中断,,128.23671069470163,122.0
Q2-028,leg2-cruise,6975.795804540597,7004.250096417537,中断,,128.00597486643272,122.0
Q2-030,leg2-cruise,6983.990882381505,7012.804674327397,中断,,126.19154830252296,122.0
Q2-028,leg2-cruise,7004.250096417537,7032.704388294477,中断,,127.5237225003748,122.0
Q2-030,leg2-cruise,7012.804674327397,7041.6184662732885,中断,,125.71104179592713,122.0
Q2-028,leg2-cruise,7032.704388294477,7061.1586801714175,中断,,127.01313929472546,122.0
Q2-030,leg2-cruise,7041.6184662732885,7070.43225821918,中断,,125.20252430336038,122.0
Q2-028,leg2-cruise,7061.1586801714175,7089.612972048357,中断,,126.47069156874254,122.0
Q2-030,leg2-cruise,7070.43225821918,7099.246050165071,中断,,124.6625468228174,122.0
Q2-028,leg2-cruise,7089.612972048357,7118.067263925297,中断,,125.89214116365028,122.0
Q2-030,leg2-cruise,7099.246050165071,7128.0598421109635,中断,,124.08698582729656,122.0
Q2-028,leg2-cruise,7118.067263925297,7146.521555802237,中断,,125.27234505926336,122.0
Q2-030,leg2-cruise,7128.0598421109635,7156.873634056855,中断,,123.47085653419727,122.0
Q2-028,leg2-cruise,7146.521555802237,7174.975847679178,中断,,124.60497838324589,122.0
Q2-030,leg2-cruise,7156.873634056855,7185.687426002746,中断,,122.8080574046474,122.0
Q2-028,leg2-cruise,7174.975847679178,7203.430139556118,中断,,123.88214281474077,122.0
Q2-030,leg2-cruise,7185.687426002746,7214.5012179486375,中断,,122.09101345865356,122.0
Q2-028,leg2-cruise,7203.430139556118,7231.884431433058,中断,,123.09379845713566,122.0
Q2-020,leg1-cruise,7335.0081614933415,7363.670608867332,中断,,122.3235398648448,122.0
Q2-020,leg1-cruise,7363.670608867332,7392.333056241323,中断,,123.18440253821892,122.0
Q2-020,leg1-cruise,7392.333056241323,7420.995503615313,中断,,123.96820856344465,122.0
Q2-014,leg1-cruise,7417.714400585476,7449.011047192959,中断,,122.02289057552264,122.0
Q2-020,leg1-cruise,7420.995503615313,7449.6579509893045,中断,,124.68753714802428,122.0
Q2-014,leg1-cruise,7449.011047192959,7478.466714588238,中断,,123.38965350414121,122.0
Q2-020,leg1-cruise,7449.6579509893045,7478.320398363295,中断,,125.3521360771904,122.0
Q2-020,leg1-descent,7478.320398363295,7497.780249437514,中断,,125.66399196278283,122.0
Q2-014,leg1-cruise,7478.466714588238,7507.922381983516,中断,,124.17875342793518,122.0
Q2-020,leg1-descent,7497.780249437514,7517.240100511733,中断,,125.65962995058764,122.0
Q2-014,leg1-descent,7507.922381983516,7534.204559717891,中断,,124.5463377611981,122.0
Q2-020,S015-handoff,7517.240100511733,7547.240100511733,中断,,125.65765946448572,122.0
Q2-014,leg1-descent,7534.204559717891,7560.486737452266,中断,,124.5440446855257,122.0
Q2-020,S015-handoff,7547.240100511733,7577.240100511733,中断,,125.65765946448572,122.0
Q2-014,S005-handoff,7560.486737452266,7590.486737452266,中断,,124.54339790767136,122.0
Q2-020,S015-handoff,7577.240100511733,7607.240100511733,中断,,125.65765946448572,122.0
Q2-014,S005-handoff,7590.486737452266,7620.486737452266,中断,,124.54339790767136,122.0
Q2-020,S015-handoff,7607.240100511733,7637.240100511733,中断,,125.65765946448572,122.0
Q2-014,S005-handoff,7620.486737452266,7650.486737452266,中断,,124.54339790767136,122.0
Q2-020,S015-handoff,7637.240100511733,7667.240100511733,中断,,125.65765946448572,122.0
Q2-014,S005-handoff,7650.486737452266,7680.486737452266,中断,,124.54339790767136,122.0
Q2-020,S015-handoff,7667.240100511733,7697.240100511733,中断,,125.65765946448572,122.0
Q2-014,S005-handoff,7680.486737452266,7710.486737452266,中断,,124.54339790767136,122.0
Q2-020,leg2-climb,7697.240100511733,7713.456643073581,中断,,125.65962995058764,122.0
Q2-014,S005-handoff,7710.486737452266,7740.486737452266,中断,,124.54339790767136,122.0
Q2-020,leg2-climb,7713.456643073581,7729.673185635431,中断,,125.66399196278283,122.0
Q2-020,leg2-cruise,7729.673185635431,7758.335633009421,中断,,125.3521360771904,122.0
Q2-014,S005-handoff,7740.486737452266,7770.486737452266,中断,,124.54339790767136,122.0
Q2-020,leg2-cruise,7758.335633009421,7786.998080383412,中断,,124.68753714802581,122.0
Q2-014,leg2-climb,7770.486737452266,7792.388552230912,中断,,124.5440446855257,122.0
Q2-020,leg2-cruise,7786.998080383412,7815.660527757403,中断,,123.96820856344465,122.0
Q2-014,leg2-climb,7792.388552230912,7814.290367009558,中断,,124.5463377611981,122.0
Q2-014,leg2-cruise,7814.290367009558,7843.746034404837,中断,,124.17875342793518,122.0
Q2-020,leg2-cruise,7815.660527757403,7844.322975131394,中断,,123.1844025382171,122.0
Q2-014,leg2-cruise,7843.746034404837,7873.201701800115,中断,,123.38965350414121,122.0
Q2-020,leg2-cruise,7844.322975131394,7872.985422505384,中断,,122.3235398648448,122.0
Q2-014,leg2-cruise,7873.201701800115,7902.657369195393,中断,,122.52176572620604,122.0
Q2-014,leg2-cruise,7902.657369195393,7904.498348407597,中断,,122.02289057552264,122.0
Q2-029,leg1-cruise,8067.635454620009,8096.323093292237,中断,,125.34469699679346,122.0
Q2-029,leg1-cruise,8096.323093292237,8125.010731964465,中断,,125.9643066113598,122.0
Q2-029,leg1-cruise,8125.010731964465,8153.698370636694,中断,,126.54270634058607,122.0
Q2-029,leg1-cruise,8153.698370636694,8182.3860093089215,中断,,127.08503080872401,122.0
Q2-029,leg1-cruise,8182.3860093089215,8211.07364798115,中断,,127.59551210145281,122.0
Q2-029,leg1-descent,8211.07364798115,8239.396842357777,中断,,127.8389692112617,122.0
Q2-029,leg1-descent,8239.396842357777,8267.720036734405,中断,,127.83738010410832,122.0
Q2-029,leg1-descent,8267.720036734405,8296.043231111033,中断,,127.8362549080733,122.0
Q2-029,S004-handoff,8296.043231111033,8502.22504929285,中断,,127.83586639527485,122.0
Q2-029,S004-handoff,8502.22504929285,8531.679594747397,中断,,127.83586639527485,122.0
Q2-029,S004-handoff,8531.679594747397,8561.134140201943,中断,,127.83586639527485,122.0
Q2-029,S004-handoff,8561.134140201943,8590.588685656487,中断,,127.83586639527485,122.0
Q2-029,S004-handoff,8590.588685656487,8620.043231111033,中断,,127.83586639527485,122.0
Q2-029,leg2-climb,8620.043231111033,8642.701786612335,中断,,127.8362549080733,122.0
Q2-029,leg2-climb,8642.701786612335,8665.360342113636,中断,,127.83738010410832,122.0
Q2-029,leg2-climb,8665.360342113636,8688.018897614938,中断,,127.8389692112617,122.0
Q2-029,leg2-cruise,8688.018897614938,8716.706536287167,中断,,127.59551210145281,122.0
Q2-029,leg2-cruise,8716.706536287167,8745.394174959394,中断,,127.08503080872401,122.0
Q2-029,leg2-cruise,8745.394174959394,8774.081813631623,中断,,126.54270634058607,122.0
Q2-029,leg2-cruise,8774.081813631623,8802.76945230385,中断,,125.9643066113598,122.0
Q2-029,leg2-cruise,8802.76945230385,8831.457090976079,中断,,125.34469699679346,122.0
Q2-031,leg1-cruise,8908.946927038227,8937.42173319652,中断,,122.26507749269746,122.0
Q2-031,leg1-cruise,8937.42173319652,8965.896539354811,中断,,123.12621795741396,122.0
Q2-031,leg1-cruise,8965.896539354811,8994.371345513106,中断,,123.91023181607322,122.0
Q2-031,leg1-cruise,8994.371345513106,9022.846151671398,中断,,124.62971949996934,122.0
Q2-031,leg1-cruise,9022.846151671398,9051.32095782969,中断,,125.29444255237419,122.0
Q2-023,leg1-cruise,9041.726495578157,9069.474788369796,中断,,122.0496953977435,122.0
Q2-031,leg1-cruise,9051.32095782969,9079.795763987982,中断,,125.912112871031,122.0
Q2-023,leg1-cruise,9069.474788369796,9097.223081161434,中断,,122.90918558745118,122.0
Q2-031,leg1-cruise,9079.795763987982,9108.270570146276,中断,,126.48892669701563,122.0
Q2-023,leg1-cruise,9097.223081161434,9124.971373953073,中断,,123.69196952887454,122.0
Q2-031,leg1-cruise,9108.270570146276,9136.745376304569,中断,,127.0299359872208,122.0
Q2-023,leg1-cruise,9124.971373953073,9152.71966674471,中断,,124.41052024803085,122.0
Q2-031,leg1-descent,9136.745376304569,9164.658393577518,中断,,127.28651195937634,122.0
Q2-023,leg1-descent,9152.71966674471,9176.81440551424,中断,,124.74500801352508,122.0
Q2-031,leg1-descent,9164.658393577518,9192.571410850467,中断,,127.28322490427968,122.0
Q2-023,leg1-descent,9176.81440551424,9200.909144283773,中断,,124.73818018332537,122.0
Q2-031,leg1-descent,9192.571410850467,9220.484428123416,中断,,127.28044809230802,122.0
Q2-023,leg1-descent,9200.909144283773,9225.003883053305,中断,,124.73241503097312,122.0
Q2-031,leg1-descent,9220.484428123416,9248.397445396366,中断,,127.27818250420393,122.0
Q2-023,leg1-descent,9225.003883053305,9249.098621822835,中断,,124.72771680659866,122.0
Q2-031,S003-handoff,9248.397445396366,9276.68315968208,中断,,127.27724167653642,122.0
Q2-023,S014-handoff,9249.098621822835,9279.098621822835,中断,,124.72576890840894,122.0
Q2-031,S003-handoff,9276.68315968208,9304.968873967795,中断,,127.27724167653642,122.0
Q2-023,S014-handoff,9279.098621822835,9309.098621822835,中断,,124.72576890840894,122.0
Q2-031,S003-handoff,9304.968873967795,9333.254588253509,中断,,127.27724167653642,122.0
Q2-023,S014-handoff,9309.098621822835,9339.098621822835,中断,,124.72576890840894,122.0
Q2-031,S003-handoff,9333.254588253509,9361.540302539222,中断,,127.27724167653642,122.0
Q2-023,S014-handoff,9339.098621822835,9369.098621822835,中断,,124.72576890840894,122.0
Q2-031,S003-handoff,9361.540302539222,9389.826016824936,中断,,127.27724167653642,122.0
Q2-023,S014-handoff,9369.098621822835,9399.098621822835,中断,,124.72576890840894,122.0
Q2-031,S003-handoff,9389.826016824936,9418.111731110652,中断,,127.27724167653642,122.0
Q2-023,S014-handoff,9399.098621822835,9429.098621822835,中断,,124.72576890840894,122.0
Q2-031,S003-handoff,9418.111731110652,9446.397445396366,中断,,127.27724167653642,122.0
Q2-023,leg2-climb,9429.098621822835,9455.870553788982,中断,,124.72842559469186,122.0
Q2-031,S003-handoff,9446.397445396366,9474.68315968208,中断,,127.27724167653642,122.0
Q2-023,leg2-climb,9455.870553788982,9482.642485755126,中断,,124.73516448869171,122.0
Q2-031,S003-handoff,9474.68315968208,9502.968873967795,中断,,127.27724167653642,122.0
Q2-023,leg2-climb,9482.642485755126,9509.414417721273,中断,,124.74379644824026,122.0
Q2-031,S003-handoff,9502.968873967795,9531.254588253509,中断,,127.27724167653642,122.0
Q2-023,leg2-cruise,9509.414417721273,9537.16271051291,中断,,124.41052024803085,122.0
Q2-031,S003-handoff,9531.254588253509,9559.540302539222,中断,,127.27724167653642,122.0
Q2-023,leg2-cruise,9537.16271051291,9564.911003304549,中断,,123.69196952887454,122.0
Q2-031,S003-handoff,9559.540302539222,9587.826016824936,中断,,127.27724167653642,122.0
Q2-023,leg2-cruise,9564.911003304549,9592.659296096186,中断,,122.90918558745118,122.0
Q2-031,S003-handoff,9587.826016824936,9616.111731110652,中断,,127.27724167653642,122.0
Q2-023,leg2-cruise,9592.659296096186,9620.407588887825,中断,,122.0496953977435,122.0
Q2-031,S003-handoff,9616.111731110652,9644.397445396366,中断,,127.27724167653642,122.0
Q2-031,leg2-climb,9644.397445396366,9674.171330487512,中断,,127.27852456433072,122.0
Q2-031,leg2-climb,9674.171330487512,9703.945215578657,中断,,127.28177265241285,122.0
Q2-031,leg2-climb,9703.945215578657,9733.719100669803,中断,,127.28592873030037,122.0
Q2-031,leg2-cruise,9733.719100669803,9762.193906828095,中断,,127.0299359872208,122.0
Q2-031,leg2-cruise,9762.193906828095,9790.66871298639,中断,,126.48892669701563,122.0
Q2-031,leg2-cruise,9790.66871298639,9819.143519144682,中断,,125.912112871031,122.0
Q2-031,leg2-cruise,9819.143519144682,9847.618325302974,中断,,125.29444255237419,122.0
Q2-031,leg2-cruise,9847.618325302974,9876.093131461266,中断,,124.62971949996934,122.0
Q2-031,leg2-cruise,9876.093131461266,9904.56793761956,中断,,123.91023181607322,122.0
Q2-031,leg2-cruise,9904.56793761956,9933.042743777853,中断,,123.12621795741396,122.0
Q2-031,leg2-cruise,9933.042743777853,9961.517549936145,中断,,122.26507749269746,122.0
Q2-025,leg1-cruise,10014.909231865993,10043.922759557316,中断,,122.40075939749556,122.0
Q2-025,leg1-cruise,10043.922759557316,10072.936287248638,中断,,123.26678892992715,122.0
Q2-025,leg1-cruise,10072.936287248638,10101.949814939962,中断,,124.05448136261515,122.0
Q2-025,leg1-cruise,10101.949814939962,10130.963342631285,中断,,124.77680565205661,122.0
Q2-025,leg1-cruise,10130.963342631285,10159.976870322607,中断,,125.44376174041058,122.0
Q2-025,leg1-cruise,10159.976870322607,10188.99039801393,中断,,126.06322122976164,122.0
Q2-025,leg1-cruise,10188.99039801393,10218.003925705254,中断,,126.64149057840638,122.0
Q2-025,leg1-cruise,10218.003925705254,10247.017453396576,中断,,127.18369978287517,122.0
Q2-025,leg1-descent,10247.017453396576,10273.717652371186,中断,,127.44131589104262,122.0
Q2-025,leg1-descent,10273.717652371186,10300.417851345795,中断,,127.43921118416316,122.0
Q2-025,S012-handoff,10300.417851345795,10330.417851345795,中断,,127.43842351040759,122.0
Q2-025,S012-handoff,10330.417851345795,10360.417851345795,中断,,127.43842351040759,122.0
Q2-025,S012-handoff,10360.417851345795,10390.417851345795,中断,,127.43842351040759,122.0
Q2-025,S012-handoff,10390.417851345795,10420.417851345795,中断,,127.43842351040759,122.0
Q2-025,S012-handoff,10420.417851345795,10480.417851345795,中断,,127.43842351040759,122.0
Q2-025,leg2-climb,10480.417851345795,10524.918182970145,中断,,127.43921118416316,122.0
Q2-025,leg2-cruise,10524.918182970145,10757.026404500728,中断,,127.18369978287517,122.0
