sortie,name,start_s,end_s,start_node,end_node,start_altitude_m,end_altitude_m
P00001,leg1-climb,510.0,568.1426440429688,"{'code': 'O01', 'longitude': 109.2308517, 'latitude': 23.0085095, 'elevation_m': 127.7}","{'code': 'O01', 'longitude': 109.2308517, 'latitude': 23.0085095, 'elevation_m': 127.7}",127.7,273.0566101074219
P00001,leg1-cruise,568.1426440429688,772.3700657955625,"{'code': 'O01', 'longitude': 109.2308517, 'latitude': 23.0085095, 'elevation_m': 127.7}","{'code': 'S001', 'longitude': 109.2432319, 'latitude': 23.0335927, 'elevation_m': 154.0}",273.0566101074219,273.0566101074219
P00001,leg1-descent,772.3700657955625,816.8983708492734,"{'code': 'S001', 'longitude': 109.2432319, 'latitude': 23.0335927, 'elevation_m': 154.0}","{'code': 'S001', 'longitude': 109.2432319, 'latitude': 23.0335927, 'elevation_m': 154.0}",273.0566101074219,184.0
P00001,S001-handoff,816.8983708492734,1248.8983708492733,"{'code': 'S001', 'longitude': 109.2432319, 'latitude': 23.0335927, 'elevation_m': 154.0}","{'code': 'S001', 'longitude': 109.2432319, 'latitude': 23.0335927, 'elevation_m': 154.0}",184.0,184.0
P00001,leg2-climb,1248.8983708492733,1284.521014892242,"{'code': 'S001', 'longitude': 109.2432319, 'latitude': 23.0335927, 'elevation_m': 154.0}","{'code': 'S001', 'longitude': 109.2432319, 'latitude': 23.0335927, 'elevation_m': 154.0}",184.0,273.0566101074219
P00001,leg2-cruise,1284.521014892242,1488.7484366448357,"{'code': 'S001', 'longitude': 109.2432319, 'latitude': 23.0335927, 'elevation_m': 154.0}","{'code': 'O01', 'longitude': 109.2308517, 'latitude': 23.0085095, 'elevation_m': 127.7}",273.0566101074219,273.0566101074219
P00001,leg2-descent,1488.7484366448357,1561.4267416985467,"{'code': 'O01', 'longitude': 109.2308517, 'latitude': 23.0085095, 'elevation_m': 127.7}","{'code': 'O01', 'longitude': 109.2308517, 'latitude': 23.0085095, 'elevation_m': 127.7}",273.0566101074219,127.7
P00002,leg1-climb,2102.0,2160.1426440429686,"{'code': 'O01', 'longitude': 109.2308517, 'latitude': 23.0085095, 'elevation_m': 127.7}","{'code': 'O01', 'longitude': 109.2308517, 'latitude': 23.0085095, 'elevation_m': 127.7}",127.7,273.0566101074219
P00002,leg1-cruise,2160.1426440429686,2364.3700657955624,"{'code': 'O01', 'longitude': 109.2308517, 'latitude': 23.0085095, 'elevation_m': 127.7}","{'code': 'S001', 'longitude': 109.2432319, 'latitude': 23.0335927, 'elevation_m': 154.0}",273.0566101074219,273.0566101074219
P00002,leg1-descent,2364.3700657955624,2408.8983708492733,"{'code': 'S001', 'longitude': 109.2432319, 'latitude': 23.0335927, 'elevation_m': 154.0}","{'code': 'S001', 'longitude': 109.2432319, 'latitude': 23.0335927, 'elevation_m': 154.0}",273.0566101074219,184.0
P00002,S001-handoff,2408.8983708492733,2876.8983708492733,"{'code': 'S001', 'longitude': 109.2432319, 'latitude': 23.0335927, 'elevation_m': 154.0}","{'code': 'S001', 'longitude': 109.2432319, 'latitude': 23.0335927, 'elevation_m': 154.0}",184.0,184.0
P00002,leg2-climb,2876.8983708492733,2912.521014892242,"{'code': 'S001', 'longitude': 109.2432319, 'latitude': 23.0335927, 'elevation_m': 154.0}","{'code': 'S001', 'longitude': 109.2432319, 'latitude': 23.0335927, 'elevation_m': 154.0}",184.0,273.0566101074219
P00002,leg2-cruise,2912.521014892242,3116.7484366448357,"{'code': 'S001', 'longitude': 109.2432319, 'latitude': 23.0335927, 'elevation_m': 154.0}","{'code': 'O01', 'longitude': 109.2308517, 'latitude': 23.0085095, 'elevation_m': 127.7}",273.0566101074219,273.0566101074219
P00002,leg2-descent,3116.7484366448357,3189.4267416985467,"{'code': 'O01', 'longitude': 109.2308517, 'latitude': 23.0085095, 'elevation_m': 127.7}","{'code': 'O01', 'longitude': 109.2308517, 'latitude': 23.0085095, 'elevation_m': 127.7}",273.0566101074219,127.7
P00006,leg1-climb,4619.0,4763.701379394532,"{'code': 'O01', 'longitude': 109.2308517, 'latitude': 23.0085095, 'elevation_m': 127.7}","{'code': 'O01', 'longitude': 109.2308517, 'latitude': 23.0085095, 'elevation_m': 127.7}",127.7,561.8041381835938
P00006,leg1-cruise,4763.701379394532,5247.77308408551,"{'code': 'O01', 'longitude': 109.2308517, 'latitude': 23.0085095, 'elevation_m': 127.7}","{'code': 'S003', 'longitude': 109.1688578, 'latitude': 23.0402714, 'elevation_m': 308.5}",561.8041381835938,561.8041381835938
P00006,leg1-descent,5247.77308408551,5337.094739358948,"{'code': 'S003', 'longitude': 109.1688578, 'latitude': 23.0402714, 'elevation_m': 308.5}","{'code': 'S003', 'longitude': 109.1688578, 'latitude': 23.0402714, 'elevation_m': 308.5}",561.8041381835938,338.5
P00006,S003-handoff,5337.094739358948,5577.094739358948,"{'code': 'S003', 'longitude': 109.1688578, 'latitude': 23.0402714, 'elevation_m': 308.5}","{'code': 'S003', 'longitude': 109.1688578, 'latitude': 23.0402714, 'elevation_m': 308.5}",338.5,338.5
P00006,leg2-climb,5577.094739358948,5651.529452086812,"{'code': 'S003', 'longitude': 109.1688578, 'latitude': 23.0402714, 'elevation_m': 308.5}","{'code': 'S003', 'longitude': 109.1688578, 'latitude': 23.0402714, 'elevation_m': 308.5}",338.5,561.8041381835938
P00006,leg2-cruise,5651.529452086812,6135.6011567777905,"{'code': 'S003', 'longitude': 109.1688578, 'latitude': 23.0402714, 'elevation_m': 308.5}","{'code': 'O01', 'longitude': 109.2308517, 'latitude': 23.0085095, 'elevation_m': 127.7}",561.8041381835938,561.8041381835938
P00006,leg2-descent,6135.6011567777905,6309.242812051228,"{'code': 'O01', 'longitude': 109.2308517, 'latitude': 23.0085095, 'elevation_m': 127.7}","{'code': 'O01', 'longitude': 109.2308517, 'latitude': 23.0085095, 'elevation_m': 127.7}",561.8041381835938,127.7
P00008,leg1-climb,5055.0,5228.641655273437,"{'code': 'O01', 'longitude': 109.2308517, 'latitude': 23.0085095, 'elevation_m': 127.7}","{'code': 'O01', 'longitude': 109.2308517, 'latitude': 23.0085095, 'elevation_m': 127.7}",127.7,561.8041381835938
P00008,leg1-cruise,5228.641655273437,5712.713359964416,"{'code': 'O01', 'longitude': 109.2308517, 'latitude': 23.0085095, 'elevation_m': 127.7}","{'code': 'S003', 'longitude': 109.1688578, 'latitude': 23.0402714, 'elevation_m': 308.5}",561.8041381835938,561.8041381835938
P00008,leg1-descent,5712.713359964416,5824.365429056213,"{'code': 'S003', 'longitude': 109.1688578, 'latitude': 23.0402714, 'elevation_m': 308.5}","{'code': 'S003', 'longitude': 109.1688578, 'latitude': 23.0402714, 'elevation_m': 308.5}",561.8041381835938,338.5
P00008,S003-handoff,5824.365429056213,6184.365429056213,"{'code': 'S003', 'longitude': 109.1688578, 'latitude': 23.0402714, 'elevation_m': 308.5}","{'code': 'S003', 'longitude': 109.1688578, 'latitude': 23.0402714, 'elevation_m': 308.5}",338.5,338.5
P00008,leg2-climb,6184.365429056213,6273.68708432965,"{'code': 'S003', 'longitude': 109.1688578, 'latitude': 23.0402714, 'elevation_m': 308.5}","{'code': 'S003', 'longitude': 109.1688578, 'latitude': 23.0402714, 'elevation_m': 308.5}",338.5,561.8041381835938
P00008,leg2-cruise,6273.68708432965,6757.758789020629,"{'code': 'S003', 'longitude': 109.1688578, 'latitude': 23.0402714, 'elevation_m': 308.5}","{'code': 'O01', 'longitude': 109.2308517, 'latitude': 23.0085095, 'elevation_m': 127.7}",561.8041381835938,561.8041381835938
P00008,leg2-descent,6757.758789020629,6974.810858112425,"{'code': 'O01', 'longitude': 109.2308517, 'latitude': 23.0085095, 'elevation_m': 127.7}","{'code': 'O01', 'longitude': 109.2308517, 'latitude': 23.0085095, 'elevation_m': 127.7}",561.8041381835938,127.7
P00009,leg1-climb,2592.0,2700.215666503906,"{'code': 'O01', 'longitude': 109.2308517, 'latitude': 23.0085095, 'elevation_m': 127.7}","{'code': 'O01', 'longitude': 109.2308517, 'latitude': 23.0085095, 'elevation_m': 127.7}",127.7,398.2391662597656
P00009,leg1-cruise,2700.215666503906,3216.5931626040124,"{'code': 'O01', 'longitude': 109.2308517, 'latitude': 23.0085095, 'elevation_m': 127.7}","{'code': 'S004', 'longitude': 109.2381714, 'latitude': 23.0778414, 'elevation_m': 198.3}",398.2391662597656,398.2391662597656
P00009,leg1-descent,3216.5931626040124,3301.562745733895,"{'code': 'S004', 'longitude': 109.2381714, 'latitude': 23.0778414, 'elevation_m': 198.3}","{'code': 'S004', 'longitude': 109.2381714, 'latitude': 23.0778414, 'elevation_m': 198.3}",398.2391662597656,228.3
P00009,S004-handoff,3301.562745733895,3697.562745733895,"{'code': 'S004', 'longitude': 109.2381714, 'latitude': 23.0778414, 'elevation_m': 198.3}","{'code': 'S004', 'longitude': 109.2381714, 'latitude': 23.0778414, 'elevation_m': 198.3}",228.3,228.3
P00009,leg2-climb,3697.562745733895,3765.5384122378014,"{'code': 'S004', 'longitude': 109.2381714, 'latitude': 23.0778414, 'elevation_m': 198.3}","{'code': 'S004', 'longitude': 109.2381714, 'latitude': 23.0778414, 'elevation_m': 198.3}",228.3,398.2391662597656
P00009,leg2-cruise,3765.5384122378014,4281.915908337907,"{'code': 'S004', 'longitude': 109.2381714, 'latitude': 23.0778414, 'elevation_m': 198.3}","{'code': 'O01', 'longitude': 109.2308517, 'latitude': 23.0085095, 'elevation_m': 127.7}",398.2391662597656,398.2391662597656
P00009,leg2-descent,4281.915908337907,4417.18549146779,"{'code': 'O01', 'longitude': 109.2308517, 'latitude': 23.0085095, 'elevation_m': 127.7}","{'code': 'O01', 'longitude': 109.2308517, 'latitude': 23.0085095, 'elevation_m': 127.7}",398.2391662597656,127.7
P00010,leg1-climb,6123.0,6202.48435546875,"{'code': 'O01', 'longitude': 109.2308517, 'latitude': 23.0085095, 'elevation_m': 127.7}","{'code': 'O01', 'longitude': 109.2308517, 'latitude': 23.0085095, 'elevation_m': 127.7}",127.7,326.410888671875
P00010,leg1-cruise,6202.48435546875,6555.952364212089,"{'code': 'O01', 'longitude': 109.2308517, 'latitude': 23.0085095, 'elevation_m': 127.7}","{'code': 'S005', 'longitude': 109.2283003, 'latitude': 23.0561338, 'elevation_m': 165.0}",326.410888671875,326.410888671875
P00010,leg1-descent,6555.952364212089,6621.657808548027,"{'code': 'S005', 'longitude': 109.2283003, 'latitude': 23.0561338, 'elevation_m': 165.0}","{'code': 'S005', 'longitude': 109.2283003, 'latitude': 23.0561338, 'elevation_m': 165.0}",326.410888671875,195.0
P00010,S005-handoff,6621.657808548027,7017.657808548027,"{'code': 'S005', 'longitude': 109.2283003, 'latitude': 23.0561338, 'elevation_m': 165.0}","{'code': 'S005', 'longitude': 109.2283003, 'latitude': 23.0561338, 'elevation_m': 165.0}",195.0,195.0
P00010,leg2-climb,7017.657808548027,7070.222164016777,"{'code': 'S005', 'longitude': 109.2283003, 'latitude': 23.0561338, 'elevation_m': 165.0}","{'code': 'S005', 'longitude': 109.2283003, 'latitude': 23.0561338, 'elevation_m': 165.0}",195.0,326.410888671875
P00010,leg2-cruise,7070.222164016777,7423.690172760116,"{'code': 'S005', 'longitude': 109.2283003, 'latitude': 23.0561338, 'elevation_m': 165.0}","{'code': 'O01', 'longitude': 109.2308517, 'latitude': 23.0085095, 'elevation_m': 127.7}",326.410888671875,326.410888671875
P00010,leg2-descent,7423.690172760116,7523.045617096053,"{'code': 'O01', 'longitude': 109.2308517, 'latitude': 23.0085095, 'elevation_m': 127.7}","{'code': 'O01', 'longitude': 109.2308517, 'latitude': 23.0085095, 'elevation_m': 127.7}",326.410888671875,127.7
P00014,leg1-climb,6311.0,6366.176304117838,"{'code': 'O01', 'longitude': 109.2308517, 'latitude': 23.0085095, 'elevation_m': 127.7}","{'code': 'O01', 'longitude': 109.2308517, 'latitude': 23.0085095, 'elevation_m': 127.7}",127.7,293.2289123535156
P00014,leg1-cruise,6366.176304117838,6747.688330332148,"{'code': 'O01', 'longitude': 109.2308517, 'latitude': 23.0085095, 'elevation_m': 127.7}","{'code': 'S009', 'longitude': 109.2541424, 'latitude': 23.0552989, 'elevation_m': 200.0}",293.2289123535156,293.2289123535156
P00014,leg1-descent,6747.688330332148,6772.979895273555,"{'code': 'S009', 'longitude': 109.2541424, 'latitude': 23.0552989, 'elevation_m': 200.0}","{'code': 'S009', 'longitude': 109.2541424, 'latitude': 23.0552989, 'elevation_m': 200.0}",293.2289123535156,230.0
P00014,S009-handoff,6772.979895273555,7012.979895273555,"{'code': 'S009', 'longitude': 109.2541424, 'latitude': 23.0552989, 'elevation_m': 200.0}","{'code': 'S009', 'longitude': 109.2541424, 'latitude': 23.0552989, 'elevation_m': 200.0}",230.0,230.0
P00014,leg2-climb,7012.979895273555,7034.056199391393,"{'code': 'S009', 'longitude': 109.2541424, 'latitude': 23.0552989, 'elevation_m': 200.0}","{'code': 'S009', 'longitude': 109.2541424, 'latitude': 23.0552989, 'elevation_m': 200.0}",230.0,293.2289123535156
P00014,leg2-cruise,7034.056199391393,7415.568225605703,"{'code': 'S009', 'longitude': 109.2541424, 'latitude': 23.0552989, 'elevation_m': 200.0}","{'code': 'O01', 'longitude': 109.2308517, 'latitude': 23.0085095, 'elevation_m': 127.7}",293.2289123535156,293.2289123535156
P00014,leg2-descent,7415.568225605703,7481.77979054711,"{'code': 'O01', 'longitude': 109.2308517, 'latitude': 23.0085095, 'elevation_m': 127.7}","{'code': 'O01', 'longitude': 109.2308517, 'latitude': 23.0085095, 'elevation_m': 127.7}",293.2289123535156,127.7
P00018,leg1-climb,6700.0,6755.887251790365,"{'code': 'O01', 'longitude': 109.2308517, 'latitude': 23.0085095, 'elevation_m': 127.7}","{'code': 'O01', 'longitude': 109.2308517, 'latitude': 23.0085095, 'elevation_m': 127.7}",127.7,295.36175537109375
P00018,leg1-cruise,6755.887251790365,6943.697366800472,"{'code': 'O01', 'longitude': 109.2308517, 'latitude': 23.0085095, 'elevation_m': 127.7}","{'code': 'S011', 'longitude': 109.2203356, 'latitude': 23.0319231, 'elevation_m': 182.1}",295.36175537109375,295.36175537109375
P00018,leg1-descent,6943.697366800472,6977.002068948909,"{'code': 'S011', 'longitude': 109.2203356, 'latitude': 23.0319231, 'elevation_m': 182.1}","{'code': 'S011', 'longitude': 109.2203356, 'latitude': 23.0319231, 'elevation_m': 182.1}",295.36175537109375,212.1
P00018,S011-handoff,6977.002068948909,7217.002068948909,"{'code': 'S011', 'longitude': 109.2203356, 'latitude': 23.0319231, 'elevation_m': 182.1}","{'code': 'S011', 'longitude': 109.2203356, 'latitude': 23.0319231, 'elevation_m': 182.1}",212.1,212.1
P00018,leg2-climb,7217.002068948909,7244.755987405941,"{'code': 'S011', 'longitude': 109.2203356, 'latitude': 23.0319231, 'elevation_m': 182.1}","{'code': 'S011', 'longitude': 109.2203356, 'latitude': 23.0319231, 'elevation_m': 182.1}",212.1,295.36175537109375
P00018,leg2-cruise,7244.755987405941,7432.566102416048,"{'code': 'S011', 'longitude': 109.2203356, 'latitude': 23.0319231, 'elevation_m': 182.1}","{'code': 'O01', 'longitude': 109.2308517, 'latitude': 23.0085095, 'elevation_m': 127.7}",295.36175537109375,295.36175537109375
P00018,leg2-descent,7432.566102416048,7499.6308045644855,"{'code': 'O01', 'longitude': 109.2308517, 'latitude': 23.0085095, 'elevation_m': 127.7}","{'code': 'O01', 'longitude': 109.2308517, 'latitude': 23.0085095, 'elevation_m': 127.7}",295.36175537109375,127.7
P00020,leg1-climb,459.0,554.200331624349,"{'code': 'O01', 'longitude': 109.2308517, 'latitude': 23.0085095, 'elevation_m': 127.7}","{'code': 'O01', 'longitude': 109.2308517, 'latitude': 23.0085095, 'elevation_m': 127.7}",127.7,413.3009948730469
P00020,leg1-cruise,554.200331624349,1047.43030237684,"{'code': 'O01', 'longitude': 109.2308517, 'latitude': 23.0085095, 'elevation_m': 127.7}","{'code': 'S012', 'longitude': 109.2831357, 'latitude': 23.054464, 'elevation_m': 249.8}",413.3009948730469,413.3009948730469
P00020,leg1-descent,1047.43030237684,1100.8307003260588,"{'code': 'S012', 'longitude': 109.2831357, 'latitude': 23.054464, 'elevation_m': 249.8}","{'code': 'S012', 'longitude': 109.2831357, 'latitude': 23.054464, 'elevation_m': 249.8}",413.3009948730469,279.8
P00020,S012-handoff,1100.8307003260588,1340.8307003260588,"{'code': 'S012', 'longitude': 109.2831357, 'latitude': 23.054464, 'elevation_m': 249.8}","{'code': 'S012', 'longitude': 109.2831357, 'latitude': 23.054464, 'elevation_m': 249.8}",279.8,279.8
P00020,leg2-climb,1340.8307003260588,1385.3310319504078,"{'code': 'S012', 'longitude': 109.2831357, 'latitude': 23.054464, 'elevation_m': 249.8}","{'code': 'S012', 'longitude': 109.2831357, 'latitude': 23.054464, 'elevation_m': 249.8}",279.8,413.3009948730469
P00020,leg2-cruise,1385.3310319504078,1878.5610027028988,"{'code': 'S012', 'longitude': 109.2831357, 'latitude': 23.054464, 'elevation_m': 249.8}","{'code': 'O01', 'longitude': 109.2308517, 'latitude': 23.0085095, 'elevation_m': 127.7}",413.3009948730469,413.3009948730469
P00020,leg2-descent,1878.5610027028988,1992.8014006521175,"{'code': 'O01', 'longitude': 109.2308517, 'latitude': 23.0085095, 'elevation_m': 127.7}","{'code': 'O01', 'longitude': 109.2308517, 'latitude': 23.0085095, 'elevation_m': 127.7}",413.3009948730469,127.7
P00024,leg1-climb,413.0,567.7491292317709,"{'code': 'O01', 'longitude': 109.2308517, 'latitude': 23.0085095, 'elevation_m': 127.7}","{'code': 'O01', 'longitude': 109.2308517, 'latitude': 23.0085095, 'elevation_m': 127.7}",127.7,591.9473876953125
P00024,leg1-cruise,567.7491292317709,928.4769355230642,"{'code': 'O01', 'longitude': 109.2308517, 'latitude': 23.0085095, 'elevation_m': 127.7}","{'code': 'S014', 'longitude': 109.2835966, 'latitude': 23.0052097, 'elevation_m': 321.0}",591.9473876953125,591.9473876953125
P00024,leg1-descent,928.4769355230642,1024.8558906011892,"{'code': 'S014', 'longitude': 109.2835966, 'latitude': 23.0052097, 'elevation_m': 321.0}","{'code': 'S014', 'longitude': 109.2835966, 'latitude': 23.0052097, 'elevation_m': 321.0}",591.9473876953125,351.0
P00024,S014-handoff,1024.8558906011892,1264.8558906011892,"{'code': 'S014', 'longitude': 109.2835966, 'latitude': 23.0052097, 'elevation_m': 321.0}","{'code': 'S014', 'longitude': 109.2835966, 'latitude': 23.0052097, 'elevation_m': 321.0}",351.0,351.0
P00024,leg2-climb,1264.8558906011892,1345.1716864996267,"{'code': 'S014', 'longitude': 109.2835966, 'latitude': 23.0052097, 'elevation_m': 321.0}","{'code': 'S014', 'longitude': 109.2835966, 'latitude': 23.0052097, 'elevation_m': 321.0}",351.0,591.9473876953125
P00024,leg2-cruise,1345.1716864996267,1705.89949279092,"{'code': 'S014', 'longitude': 109.2835966, 'latitude': 23.0052097, 'elevation_m': 321.0}","{'code': 'O01', 'longitude': 109.2308517, 'latitude': 23.0085095, 'elevation_m': 127.7}",591.9473876953125,591.9473876953125
P00024,leg2-descent,1705.89949279092,1891.598447869045,"{'code': 'O01', 'longitude': 109.2308517, 'latitude': 23.0085095, 'elevation_m': 127.7}","{'code': 'O01', 'longitude': 109.2308517, 'latitude': 23.0085095, 'elevation_m': 127.7}",591.9473876953125,127.7
P00026,leg1-climb,2575.0,2723.033085123698,"{'code': 'O01', 'longitude': 109.2308517, 'latitude': 23.0085095, 'elevation_m': 127.7}","{'code': 'O01', 'longitude': 109.2308517, 'latitude': 23.0085095, 'elevation_m': 127.7}",127.7,571.7992553710938
P00026,leg1-cruise,2723.033085123698,3124.307348359567,"{'code': 'O01', 'longitude': 109.2308517, 'latitude': 23.0085095, 'elevation_m': 127.7}","{'code': 'S015', 'longitude': 109.1923786, 'latitude': 23.0494548, 'elevation_m': 444.5}",571.7992553710938,571.7992553710938
P00026,leg1-descent,3124.307348359567,3163.2270505080046,"{'code': 'S015', 'longitude': 109.1923786, 'latitude': 23.0494548, 'elevation_m': 444.5}","{'code': 'S015', 'longitude': 109.1923786, 'latitude': 23.0494548, 'elevation_m': 444.5}",571.7992553710938,474.5
P00026,S015-handoff,3163.2270505080046,3403.2270505080046,"{'code': 'S015', 'longitude': 109.1923786, 'latitude': 23.0494548, 'elevation_m': 444.5}","{'code': 'S015', 'longitude': 109.1923786, 'latitude': 23.0494548, 'elevation_m': 444.5}",474.5,474.5
P00026,leg2-climb,3403.2270505080046,3435.6601356317024,"{'code': 'S015', 'longitude': 109.1923786, 'latitude': 23.0494548, 'elevation_m': 444.5}","{'code': 'S015', 'longitude': 109.1923786, 'latitude': 23.0494548, 'elevation_m': 444.5}",474.5,571.7992553710938
P00026,leg2-cruise,3435.6601356317024,3836.934398867572,"{'code': 'S015', 'longitude': 109.1923786, 'latitude': 23.0494548, 'elevation_m': 444.5}","{'code': 'O01', 'longitude': 109.2308517, 'latitude': 23.0085095, 'elevation_m': 127.7}",571.7992553710938,571.7992553710938
P00026,leg2-descent,3836.934398867572,4014.5741010160095,"{'code': 'O01', 'longitude': 109.2308517, 'latitude': 23.0085095, 'elevation_m': 127.7}","{'code': 'O01', 'longitude': 109.2308517, 'latitude': 23.0085095, 'elevation_m': 127.7}",571.7992553710938,127.7
P00028,leg1-climb,2653.0,2734.736444091797,"{'code': 'O01', 'longitude': 109.2308517, 'latitude': 23.0085095, 'elevation_m': 127.7}","{'code': 'O01', 'longitude': 109.2308517, 'latitude': 23.0085095, 'elevation_m': 127.7}",127.7,372.9093322753906
P00028,leg1-cruise,2734.736444091797,3275.367989753659,"{'code': 'O01', 'longitude': 109.2308517, 'latitude': 23.0085095, 'elevation_m': 127.7}","{'code': 'S008', 'longitude': 109.2127472, 'latitude': 23.0795113, 'elevation_m': 240.9}",372.9093322753906,372.9093322753906
P00028,leg1-descent,3275.367989753659,3316.171722663815,"{'code': 'S008', 'longitude': 109.2127472, 'latitude': 23.0795113, 'elevation_m': 240.9}","{'code': 'S008', 'longitude': 109.2127472, 'latitude': 23.0795113, 'elevation_m': 240.9}",372.9093322753906,270.9
P00028,S008-handoff,3316.171722663815,3556.171722663815,"{'code': 'S008', 'longitude': 109.2127472, 'latitude': 23.0795113, 'elevation_m': 240.9}","{'code': 'S008', 'longitude': 109.2127472, 'latitude': 23.0795113, 'elevation_m': 240.9}",270.9,270.9
P00028,leg2-climb,3556.171722663815,3590.174833422279,"{'code': 'S008', 'longitude': 109.2127472, 'latitude': 23.0795113, 'elevation_m': 240.9}","{'code': 'S008', 'longitude': 109.2127472, 'latitude': 23.0795113, 'elevation_m': 240.9}",270.9,372.9093322753906
P00028,leg2-cruise,3590.174833422279,4130.806379084141,"{'code': 'S008', 'longitude': 109.2127472, 'latitude': 23.0795113, 'elevation_m': 240.9}","{'code': 'O01', 'longitude': 109.2308517, 'latitude': 23.0085095, 'elevation_m': 127.7}",372.9093322753906,372.9093322753906
P00028,leg2-descent,4130.806379084141,4228.890111994297,"{'code': 'O01', 'longitude': 109.2308517, 'latitude': 23.0085095, 'elevation_m': 127.7}","{'code': 'O01', 'longitude': 109.2308517, 'latitude': 23.0085095, 'elevation_m': 127.7}",372.9093322753906,127.7
P00030,leg1-climb,4375.0,4456.736444091797,"{'code': 'O01', 'longitude': 109.2308517, 'latitude': 23.0085095, 'elevation_m': 127.7}","{'code': 'O01', 'longitude': 109.2308517, 'latitude': 23.0085095, 'elevation_m': 127.7}",127.7,372.9093322753906
P00030,leg1-cruise,4456.736444091797,4997.3679897536595,"{'code': 'O01', 'longitude': 109.2308517, 'latitude': 23.0085095, 'elevation_m': 127.7}","{'code': 'S008', 'longitude': 109.2127472, 'latitude': 23.0795113, 'elevation_m': 240.9}",372.9093322753906,372.9093322753906
P00030,leg1-descent,4997.3679897536595,5038.171722663816,"{'code': 'S008', 'longitude': 109.2127472, 'latitude': 23.0795113, 'elevation_m': 240.9}","{'code': 'S008', 'longitude': 109.2127472, 'latitude': 23.0795113, 'elevation_m': 240.9}",372.9093322753906,270.9
P00030,S008-handoff,5038.171722663816,5248.171722663816,"{'code': 'S008', 'longitude': 109.2127472, 'latitude': 23.0795113, 'elevation_m': 240.9}","{'code': 'S008', 'longitude': 109.2127472, 'latitude': 23.0795113, 'elevation_m': 240.9}",270.9,270.9
P00030,leg2-climb,5248.171722663816,5282.174833422279,"{'code': 'S008', 'longitude': 109.2127472, 'latitude': 23.0795113, 'elevation_m': 240.9}","{'code': 'S008', 'longitude': 109.2127472, 'latitude': 23.0795113, 'elevation_m': 240.9}",270.9,372.9093322753906
P00030,leg2-cruise,5282.174833422279,5822.806379084142,"{'code': 'S008', 'longitude': 109.2127472, 'latitude': 23.0795113, 'elevation_m': 240.9}","{'code': 'O01', 'longitude': 109.2308517, 'latitude': 23.0085095, 'elevation_m': 127.7}",372.9093322753906,372.9093322753906
P00030,leg2-descent,5822.806379084142,5920.8901119942975,"{'code': 'O01', 'longitude': 109.2308517, 'latitude': 23.0085095, 'elevation_m': 127.7}","{'code': 'O01', 'longitude': 109.2308517, 'latitude': 23.0085095, 'elevation_m': 127.7}",372.9093322753906,127.7
P00037,leg1-climb,430.0,490.4180847167969,"{'code': 'O01', 'longitude': 109.2308517, 'latitude': 23.0085095, 'elevation_m': 127.7}","{'code': 'O01', 'longitude': 109.2308517, 'latitude': 23.0085095, 'elevation_m': 127.7}",127.7,308.9542541503906
P00037,leg1-cruise,490.4180847167969,1110.024627911694,"{'code': 'O01', 'longitude': 109.2308517, 'latitude': 23.0085095, 'elevation_m': 127.7}","{'code': 'S002', 'longitude': 109.2585519, 'latitude': 23.0703271, 'elevation_m': 189.5}",308.9542541503906,308.9542541503906
P00037,leg1-descent,1110.024627911694,1145.8063295718503,"{'code': 'S002', 'longitude': 109.2585519, 'latitude': 23.0703271, 'elevation_m': 189.5}","{'code': 'S002', 'longitude': 109.2585519, 'latitude': 23.0703271, 'elevation_m': 189.5}",308.9542541503906,219.5
P00037,S002-handoff,1145.8063295718503,1355.8063295718503,"{'code': 'S002', 'longitude': 109.2585519, 'latitude': 23.0703271, 'elevation_m': 189.5}","{'code': 'S002', 'longitude': 109.2585519, 'latitude': 23.0703271, 'elevation_m': 189.5}",219.5,219.5
P00037,leg2-climb,1355.8063295718503,1385.6244142886471,"{'code': 'S002', 'longitude': 109.2585519, 'latitude': 23.0703271, 'elevation_m': 189.5}","{'code': 'S002', 'longitude': 109.2585519, 'latitude': 23.0703271, 'elevation_m': 189.5}",219.5,308.9542541503906
P00037,leg2-cruise,1385.6244142886471,2005.2309574835444,"{'code': 'S002', 'longitude': 109.2585519, 'latitude': 23.0703271, 'elevation_m': 189.5}","{'code': 'O01', 'longitude': 109.2308517, 'latitude': 23.0085095, 'elevation_m': 127.7}",308.9542541503906,308.9542541503906
P00037,leg2-descent,2005.2309574835444,2077.732659143701,"{'code': 'O01', 'longitude': 109.2308517, 'latitude': 23.0085095, 'elevation_m': 127.7}","{'code': 'O01', 'longitude': 109.2308517, 'latitude': 23.0085095, 'elevation_m': 127.7}",308.9542541503906,127.7
P00040,leg1-climb,480.0,552.5017016601563,"{'code': 'O01', 'longitude': 109.2308517, 'latitude': 23.0085095, 'elevation_m': 127.7}","{'code': 'O01', 'longitude': 109.2308517, 'latitude': 23.0085095, 'elevation_m': 127.7}",127.7,308.9542541503906
P00040,leg1-cruise,552.5017016601563,1048.186936216074,"{'code': 'O01', 'longitude': 109.2308517, 'latitude': 23.0085095, 'elevation_m': 127.7}","{'code': 'S002', 'longitude': 109.2585519, 'latitude': 23.0703271, 'elevation_m': 189.5}",308.9542541503906,308.9542541503906
P00040,leg1-descent,1048.186936216074,1092.9140632912693,"{'code': 'S002', 'longitude': 109.2585519, 'latitude': 23.0703271, 'elevation_m': 189.5}","{'code': 'S002', 'longitude': 109.2585519, 'latitude': 23.0703271, 'elevation_m': 189.5}",308.9542541503906,219.5
P00040,S002-handoff,1092.9140632912693,1488.9140632912693,"{'code': 'S002', 'longitude': 109.2585519, 'latitude': 23.0703271, 'elevation_m': 189.5}","{'code': 'S002', 'longitude': 109.2585519, 'latitude': 23.0703271, 'elevation_m': 189.5}",219.5,219.5
P00040,leg2-climb,1488.9140632912693,1524.6957649514254,"{'code': 'S002', 'longitude': 109.2585519, 'latitude': 23.0703271, 'elevation_m': 189.5}","{'code': 'S002', 'longitude': 109.2585519, 'latitude': 23.0703271, 'elevation_m': 189.5}",219.5,308.9542541503906
P00040,leg2-cruise,1524.6957649514254,2020.3809995073432,"{'code': 'S002', 'longitude': 109.2585519, 'latitude': 23.0703271, 'elevation_m': 189.5}","{'code': 'O01', 'longitude': 109.2308517, 'latitude': 23.0085095, 'elevation_m': 127.7}",308.9542541503906,308.9542541503906
P00040,leg2-descent,2020.3809995073432,2111.0081265825384,"{'code': 'O01', 'longitude': 109.2308517, 'latitude': 23.0085095, 'elevation_m': 127.7}","{'code': 'O01', 'longitude': 109.2308517, 'latitude': 23.0085095, 'elevation_m': 127.7}",308.9542541503906,127.7
P00053,leg1-climb,2008.0,2087.465946451823,"{'code': 'O01', 'longitude': 109.2308517, 'latitude': 23.0085095, 'elevation_m': 127.7}","{'code': 'O01', 'longitude': 109.2308517, 'latitude': 23.0085095, 'elevation_m': 127.7}",127.7,366.09783935546875
P00053,leg1-cruise,2087.465946451823,2352.552055473148,"{'code': 'O01', 'longitude': 109.2308517, 'latitude': 23.0085095, 'elevation_m': 127.7}","{'code': 'S006', 'longitude': 109.1997836, 'latitude': 23.007714, 'elevation_m': 284.8}",366.09783935546875,366.09783935546875
P00053,leg1-descent,2352.552055473148,2373.0711912153356,"{'code': 'S006', 'longitude': 109.1997836, 'latitude': 23.007714, 'elevation_m': 284.8}","{'code': 'S006', 'longitude': 109.1997836, 'latitude': 23.007714, 'elevation_m': 284.8}",366.09783935546875,314.8
P00053,S006-handoff,2373.0711912153356,2583.0711912153356,"{'code': 'S006', 'longitude': 109.1997836, 'latitude': 23.007714, 'elevation_m': 284.8}","{'code': 'S006', 'longitude': 109.1997836, 'latitude': 23.007714, 'elevation_m': 284.8}",314.8,314.8
P00053,leg2-climb,2583.0711912153356,2600.170471000492,"{'code': 'S006', 'longitude': 109.1997836, 'latitude': 23.007714, 'elevation_m': 284.8}","{'code': 'S006', 'longitude': 109.1997836, 'latitude': 23.007714, 'elevation_m': 284.8}",314.8,366.09783935546875
P00053,leg2-cruise,2600.170471000492,2865.2565800218167,"{'code': 'S006', 'longitude': 109.1997836, 'latitude': 23.007714, 'elevation_m': 284.8}","{'code': 'O01', 'longitude': 109.2308517, 'latitude': 23.0085095, 'elevation_m': 127.7}",366.09783935546875,366.09783935546875
P00053,leg2-descent,2865.2565800218167,2960.615715764004,"{'code': 'O01', 'longitude': 109.2308517, 'latitude': 23.0085095, 'elevation_m': 127.7}","{'code': 'O01', 'longitude': 109.2308517, 'latitude': 23.0085095, 'elevation_m': 127.7}",366.09783935546875,127.7
P00057,leg1-climb,2563.0,2691.0910583496093,"{'code': 'O01', 'longitude': 109.2308517, 'latitude': 23.0085095, 'elevation_m': 127.7}","{'code': 'O01', 'longitude': 109.2308517, 'latitude': 23.0085095, 'elevation_m': 127.7}",127.7,511.9731750488281
P00057,leg1-cruise,2691.0910583496093,3068.910049848564,"{'code': 'O01', 'longitude': 109.2308517, 'latitude': 23.0085095, 'elevation_m': 127.7}","{'code': 'S007', 'longitude': 109.1928191, 'latitude': 23.0294186, 'elevation_m': 318.5}",511.9731750488281,511.9731750488281
P00057,leg1-descent,3068.910049848564,3134.299319868095,"{'code': 'S007', 'longitude': 109.1928191, 'latitude': 23.0294186, 'elevation_m': 318.5}","{'code': 'S007', 'longitude': 109.1928191, 'latitude': 23.0294186, 'elevation_m': 318.5}",511.9731750488281,348.5
P00057,S007-handoff,3134.299319868095,3344.299319868095,"{'code': 'S007', 'longitude': 109.1928191, 'latitude': 23.0294186, 'elevation_m': 318.5}","{'code': 'S007', 'longitude': 109.1928191, 'latitude': 23.0294186, 'elevation_m': 318.5}",348.5,348.5
P00057,leg2-climb,3344.299319868095,3398.7903782177045,"{'code': 'S007', 'longitude': 109.1928191, 'latitude': 23.0294186, 'elevation_m': 318.5}","{'code': 'S007', 'longitude': 109.1928191, 'latitude': 23.0294186, 'elevation_m': 318.5}",348.5,511.9731750488281
P00057,leg2-cruise,3398.7903782177045,3776.6093697166593,"{'code': 'S007', 'longitude': 109.1928191, 'latitude': 23.0294186, 'elevation_m': 318.5}","{'code': 'O01', 'longitude': 109.2308517, 'latitude': 23.0085095, 'elevation_m': 127.7}",511.9731750488281,511.9731750488281
P00057,leg2-descent,3776.6093697166593,3930.3186397361906,"{'code': 'O01', 'longitude': 109.2308517, 'latitude': 23.0085095, 'elevation_m': 127.7}","{'code': 'O01', 'longitude': 109.2308517, 'latitude': 23.0085095, 'elevation_m': 127.7}",511.9731750488281,127.7
P00071,leg1-climb,379.0,481.6455118815104,"{'code': 'O01', 'longitude': 109.2308517, 'latitude': 23.0085095, 'elevation_m': 127.7}","{'code': 'O01', 'longitude': 109.2308517, 'latitude': 23.0085095, 'elevation_m': 127.7}",127.7,435.63653564453125
P00071,leg1-cruise,481.6455118815104,879.8488370165912,"{'code': 'O01', 'longitude': 109.2308517, 'latitude': 23.0085095, 'elevation_m': 127.7}","{'code': 'S010', 'longitude': 109.2760168, 'latitude': 23.0194009, 'elevation_m': 321.6}",435.63653564453125,435.63653564453125
P00071,leg1-descent,879.8488370165912,913.4634512744037,"{'code': 'S010', 'longitude': 109.2760168, 'latitude': 23.0194009, 'elevation_m': 321.6}","{'code': 'S010', 'longitude': 109.2760168, 'latitude': 23.0194009, 'elevation_m': 321.6}",435.63653564453125,351.6
P00071,S010-handoff,913.4634512744037,1123.4634512744037,"{'code': 'S010', 'longitude': 109.2760168, 'latitude': 23.0194009, 'elevation_m': 321.6}","{'code': 'S010', 'longitude': 109.2760168, 'latitude': 23.0194009, 'elevation_m': 321.6}",351.6,351.6
P00071,leg2-climb,1123.4634512744037,1151.4756298225807,"{'code': 'S010', 'longitude': 109.2760168, 'latitude': 23.0194009, 'elevation_m': 321.6}","{'code': 'S010', 'longitude': 109.2760168, 'latitude': 23.0194009, 'elevation_m': 321.6}",351.6,435.63653564453125
P00071,leg2-cruise,1151.4756298225807,1549.6789549576615,"{'code': 'S010', 'longitude': 109.2760168, 'latitude': 23.0194009, 'elevation_m': 321.6}","{'code': 'O01', 'longitude': 109.2308517, 'latitude': 23.0085095, 'elevation_m': 127.7}",435.63653564453125,435.63653564453125
P00071,leg2-descent,1549.6789549576615,1672.853569215474,"{'code': 'O01', 'longitude': 109.2308517, 'latitude': 23.0085095, 'elevation_m': 127.7}","{'code': 'O01', 'longitude': 109.2308517, 'latitude': 23.0085095, 'elevation_m': 127.7}",435.63653564453125,127.7
P00089,leg1-climb,395.0,485.4939412434896,"{'code': 'O01', 'longitude': 109.2308517, 'latitude': 23.0085095, 'elevation_m': 127.7}","{'code': 'O01', 'longitude': 109.2308517, 'latitude': 23.0085095, 'elevation_m': 127.7}",127.7,399.18182373046875
P00089,leg1-cruise,485.4939412434896,889.5528579026418,"{'code': 'O01', 'longitude': 109.2308517, 'latitude': 23.0085095, 'elevation_m': 127.7}","{'code': 'S013', 'longitude': 109.2713839, 'latitude': 23.0310882, 'elevation_m': 321.7}",399.18182373046875,399.18182373046875
P00089,leg1-descent,889.5528579026418,908.5455873948293,"{'code': 'S013', 'longitude': 109.2713839, 'latitude': 23.0310882, 'elevation_m': 321.7}","{'code': 'S013', 'longitude': 109.2713839, 'latitude': 23.0310882, 'elevation_m': 321.7}",399.18182373046875,351.7
P00089,S013-handoff,908.5455873948293,1118.5455873948295,"{'code': 'S013', 'longitude': 109.2713839, 'latitude': 23.0310882, 'elevation_m': 321.7}","{'code': 'S013', 'longitude': 109.2713839, 'latitude': 23.0310882, 'elevation_m': 321.7}",351.7,351.7
P00089,leg2-climb,1118.5455873948295,1134.3728619716524,"{'code': 'S013', 'longitude': 109.2713839, 'latitude': 23.0310882, 'elevation_m': 321.7}","{'code': 'S013', 'longitude': 109.2713839, 'latitude': 23.0310882, 'elevation_m': 321.7}",351.7,399.18182373046875
P00089,leg2-cruise,1134.3728619716524,1538.4317786308045,"{'code': 'S013', 'longitude': 109.2713839, 'latitude': 23.0310882, 'elevation_m': 321.7}","{'code': 'O01', 'longitude': 109.2308517, 'latitude': 23.0085095, 'elevation_m': 127.7}",399.18182373046875,399.18182373046875
P00089,leg2-descent,1538.4317786308045,1647.024508122992,"{'code': 'O01', 'longitude': 109.2308517, 'latitude': 23.0085095, 'elevation_m': 127.7}","{'code': 'O01', 'longitude': 109.2308517, 'latitude': 23.0085095, 'elevation_m': 127.7}",399.18182373046875,127.7
P00107,leg1-climb,395.0,485.4939412434896,"{'code': 'O01', 'longitude': 109.2308517, 'latitude': 23.0085095, 'elevation_m': 127.7}","{'code': 'O01', 'longitude': 109.2308517, 'latitude': 23.0085095, 'elevation_m': 127.7}",127.7,399.18182373046875
P00107,leg1-cruise,485.4939412434896,889.5528579026418,"{'code': 'O01', 'longitude': 109.2308517, 'latitude': 23.0085095, 'elevation_m': 127.7}","{'code': 'S013', 'longitude': 109.2713839, 'latitude': 23.0310882, 'elevation_m': 321.7}",399.18182373046875,399.18182373046875
P00107,leg1-descent,889.5528579026418,908.5455873948293,"{'code': 'S013', 'longitude': 109.2713839, 'latitude': 23.0310882, 'elevation_m': 321.7}","{'code': 'S013', 'longitude': 109.2713839, 'latitude': 23.0310882, 'elevation_m': 321.7}",399.18182373046875,351.7
P00107,S013-handoff,908.5455873948293,1088.5455873948295,"{'code': 'S013', 'longitude': 109.2713839, 'latitude': 23.0310882, 'elevation_m': 321.7}","{'code': 'S013', 'longitude': 109.2713839, 'latitude': 23.0310882, 'elevation_m': 321.7}",351.7,351.7
P00107,leg2-climb,1088.5455873948295,1139.335711906548,"{'code': 'S013', 'longitude': 109.2713839, 'latitude': 23.0310882, 'elevation_m': 321.7}","{'code': 'S013', 'longitude': 109.2713839, 'latitude': 23.0310882, 'elevation_m': 321.7}",351.7,504.07037353515625
P00107,leg2-cruise,1139.335711906548,1254.6151879742906,"{'code': 'S013', 'longitude': 109.2713839, 'latitude': 23.0310882, 'elevation_m': 321.7}","{'code': 'S010', 'longitude': 109.2760168, 'latitude': 23.0194009, 'elevation_m': 321.6}",504.07037353515625,504.07037353515625
P00107,leg2-descent,1254.6151879742906,1315.603337388353,"{'code': 'S010', 'longitude': 109.2760168, 'latitude': 23.0194009, 'elevation_m': 321.6}","{'code': 'S010', 'longitude': 109.2760168, 'latitude': 23.0194009, 'elevation_m': 321.6}",504.07037353515625,351.6
P00107,S010-handoff,1315.603337388353,1495.603337388353,"{'code': 'S010', 'longitude': 109.2760168, 'latitude': 23.0194009, 'elevation_m': 321.6}","{'code': 'S010', 'longitude': 109.2760168, 'latitude': 23.0194009, 'elevation_m': 321.6}",351.6,351.6
P00107,leg3-climb,1495.603337388353,1523.6155159365303,"{'code': 'S010', 'longitude': 109.2760168, 'latitude': 23.0194009, 'elevation_m': 321.6}","{'code': 'S010', 'longitude': 109.2760168, 'latitude': 23.0194009, 'elevation_m': 321.6}",351.6,435.63653564453125
P00107,leg3-cruise,1523.6155159365303,1921.8188410716111,"{'code': 'S010', 'longitude': 109.2760168, 'latitude': 23.0194009, 'elevation_m': 321.6}","{'code': 'O01', 'longitude': 109.2308517, 'latitude': 23.0085095, 'elevation_m': 127.7}",435.63653564453125,435.63653564453125
P00107,leg3-descent,1921.8188410716111,2044.9934553294236,"{'code': 'O01', 'longitude': 109.2308517, 'latitude': 23.0085095, 'elevation_m': 127.7}","{'code': 'O01', 'longitude': 109.2308517, 'latitude': 23.0085095, 'elevation_m': 127.7}",435.63653564453125,127.7
P00118,leg1-climb,3739.0,3834.3591357421874,"{'code': 'O01', 'longitude': 109.2308517, 'latitude': 23.0085095, 'elevation_m': 127.7}","{'code': 'O01', 'longitude': 109.2308517, 'latitude': 23.0085095, 'elevation_m': 127.7}",127.7,366.09783935546875
P00118,leg1-cruise,3834.3591357421874,4046.4280229592473,"{'code': 'O01', 'longitude': 109.2308517, 'latitude': 23.0085095, 'elevation_m': 127.7}","{'code': 'S006', 'longitude': 109.1997836, 'latitude': 23.007714, 'elevation_m': 284.8}",366.09783935546875,366.09783935546875
P00118,leg1-descent,4046.4280229592473,4072.0769426369816,"{'code': 'S006', 'longitude': 109.1997836, 'latitude': 23.007714, 'elevation_m': 284.8}","{'code': 'S006', 'longitude': 109.1997836, 'latitude': 23.007714, 'elevation_m': 284.8}",366.09783935546875,314.8
P00118,S006-handoff,4072.0769426369816,4396.076942636982,"{'code': 'S006', 'longitude': 109.1997836, 'latitude': 23.007714, 'elevation_m': 284.8}","{'code': 'S006', 'longitude': 109.1997836, 'latitude': 23.007714, 'elevation_m': 284.8}",314.8,314.8
P00118,leg2-climb,4396.076942636982,4506.3014738869815,"{'code': 'S006', 'longitude': 109.1997836, 'latitude': 23.007714, 'elevation_m': 284.8}","{'code': 'S006', 'longitude': 109.1997836, 'latitude': 23.007714, 'elevation_m': 284.8}",314.8,590.361328125
P00118,leg2-cruise,4506.3014738869815,4674.067698015178,"{'code': 'S006', 'longitude': 109.1997836, 'latitude': 23.007714, 'elevation_m': 284.8}","{'code': 'S007', 'longitude': 109.1928191, 'latitude': 23.0294186, 'elevation_m': 318.5}",590.361328125,590.361328125
P00118,leg2-descent,4674.067698015178,4794.998362077678,"{'code': 'S007', 'longitude': 109.1928191, 'latitude': 23.0294186, 'elevation_m': 318.5}","{'code': 'S007', 'longitude': 109.1928191, 'latitude': 23.0294186, 'elevation_m': 318.5}",590.361328125,348.5
P00118,S007-handoff,4794.998362077678,5082.998362077678,"{'code': 'S007', 'longitude': 109.1928191, 'latitude': 23.0294186, 'elevation_m': 318.5}","{'code': 'S007', 'longitude': 109.1928191, 'latitude': 23.0294186, 'elevation_m': 318.5}",348.5,348.5
P00118,leg3-climb,5082.998362077678,5148.3876320972095,"{'code': 'S007', 'longitude': 109.1928191, 'latitude': 23.0294186, 'elevation_m': 318.5}","{'code': 'S007', 'longitude': 109.1928191, 'latitude': 23.0294186, 'elevation_m': 318.5}",348.5,511.9731750488281
P00118,leg3-cruise,5148.3876320972095,5450.642825296373,"{'code': 'S007', 'longitude': 109.1928191, 'latitude': 23.0294186, 'elevation_m': 318.5}","{'code': 'O01', 'longitude': 109.2308517, 'latitude': 23.0085095, 'elevation_m': 127.7}",511.9731750488281,511.9731750488281
P00118,leg3-descent,5450.642825296373,5642.779412820787,"{'code': 'O01', 'longitude': 109.2308517, 'latitude': 23.0085095, 'elevation_m': 127.7}","{'code': 'O01', 'longitude': 109.2308517, 'latitude': 23.0085095, 'elevation_m': 127.7}",511.9731750488281,127.7
